ISOTime,Flow,Sal,Temp
01/01/2018 00:00,0.0000,0.0300,15.0735
02/01/2018 00:00,0.0000,0.0300,14.9871
03/01/2018 00:00,0.0000,0.0300,15.0842
04/01/2018 00:00,0.0000,0.0300,14.9668
05/01/2018 00:00,0.0000,0.0300,15.2997
06/01/2018 00:00,0.0000,0.0300,15.5113
07/01/2018 00:00,0.0000,0.0300,15.2940
08/01/2018 00:00,0.0000,0.0300,15.5244
09/01/2018 00:00,0.0000,0.0300,15.9747
10/01/2018 00:00,0.0000,0.0300,15.5492
11/01/2018 00:00,0.0000,0.0300,16.4419
12/01/2018 00:00,0.0000,0.0300,16.4574
13/01/2018 00:00,0.0000,0.0300,15.7636
14/01/2018 00:00,0.0000,0.0300,15.2024
15/01/2018 00:00,0.0000,0.0300,14.6916
16/01/2018 00:00,0.0000,0.0300,15.0677
17/01/2018 00:00,0.0000,0.0300,15.4255
18/01/2018 00:00,0.0000,0.0300,16.1679
19/01/2018 00:00,0.0000,0.0300,16.4570
20/01/2018 00:00,0.0000,0.0300,16.8389
21/01/2018 00:00,0.0000,0.0300,17.3757
22/01/2018 00:00,0.0000,0.0300,17.1113
23/01/2018 00:00,0.0000,0.0300,17.3195
24/01/2018 00:00,0.0000,0.0300,17.3419
25/01/2018 00:00,0.0000,0.0300,17.1637
26/01/2018 00:00,0.0000,0.0300,17.8031
27/01/2018 00:00,0.0000,0.0300,18.5341
28/01/2018 00:00,0.0000,0.0300,19.2324
29/01/2018 00:00,0.0000,0.0300,19.1908
30/01/2018 00:00,5.7647,0.0300,19.2308
31/01/2018 00:00,0.0000,0.0300,18.1226
01/02/2018 00:00,0.0000,0.0300,16.9222
02/02/2018 00:00,0.0000,0.0300,16.7082
03/02/2018 00:00,0.0000,0.0300,16.7287
04/02/2018 00:00,0.0000,0.0300,17.4021
05/02/2018 00:00,0.0000,0.0300,17.1736
06/02/2018 00:00,0.0000,0.0300,17.1842
07/02/2018 00:00,0.0000,0.0300,17.6589
08/02/2018 00:00,0.0000,0.0300,17.9733
09/02/2018 00:00,0.0000,0.0300,17.7575
10/02/2018 00:00,0.0000,0.0300,17.8508
11/02/2018 00:00,0.0000,0.0300,17.4349
12/02/2018 00:00,0.0000,0.0300,17.1675
13/02/2018 00:00,0.0000,0.0300,17.0259
14/02/2018 00:00,0.0000,0.0300,17.0588
15/02/2018 00:00,0.0000,0.0300,15.9960
16/02/2018 00:00,0.0000,0.0300,15.4328
17/02/2018 00:00,0.0000,0.0300,14.8040
18/02/2018 00:00,0.0000,0.0300,15.0245
19/02/2018 00:00,0.0000,0.0300,14.6805
20/02/2018 00:00,0.0000,0.0300,14.7949
21/02/2018 00:00,0.0000,0.0100,15.5309
22/02/2018 00:00,0.0000,0.0100,16.1241
23/02/2018 00:00,0.0000,0.0100,16.1261
24/02/2018 00:00,0.0000,0.0100,15.4336
25/02/2018 00:00,0.0000,0.0100,15.1822
26/02/2018 00:00,0.0000,0.0100,14.9399
27/02/2018 00:00,0.0000,0.0100,15.4228
28/02/2018 00:00,0.0000,0.0100,15.1319
01/03/2018 00:00,0.0000,0.0100,14.9236
02/03/2018 00:00,0.0000,0.0100,14.7169
03/03/2018 00:00,0.0000,0.0100,15.7574
04/03/2018 00:00,0.0000,0.0100,15.7259
05/03/2018 00:00,0.0000,0.0100,15.0761
06/03/2018 00:00,0.0000,0.0100,14.9207
07/03/2018 00:00,0.0000,0.0100,15.9021
08/03/2018 00:00,0.0000,0.0100,16.3490
09/03/2018 00:00,0.0000,0.0100,16.3970
10/03/2018 00:00,0.0000,0.0100,16.9004
11/03/2018 00:00,0.0000,0.0100,16.4901
12/03/2018 00:00,0.0000,0.0100,16.1765
13/03/2018 00:00,0.0000,0.0100,15.2287
14/03/2018 00:00,0.0000,0.0100,15.0932
15/03/2018 00:00,0.0000,0.0100,14.9091
16/03/2018 00:00,0.0000,0.0100,14.5992
17/03/2018 00:00,1.9328,0.0100,14.3918
18/03/2018 00:00,0.0000,0.0100,14.5663
19/03/2018 00:00,0.6085,0.0100,14.1036
20/03/2018 00:00,0.2518,0.0100,13.5511
21/03/2018 00:00,0.0000,0.0100,12.8291
22/03/2018 00:00,0.0000,0.0100,12.4055
23/03/2018 00:00,0.0000,0.0100,12.4142
24/03/2018 00:00,0.0000,0.0100,12.3940
25/03/2018 00:00,0.0000,0.0100,12.4125
26/03/2018 00:00,1.9933,0.0100,12.3600
27/03/2018 00:00,0.6447,0.0100,11.2429
28/03/2018 00:00,0.2039,0.0100,11.5768
29/03/2018 00:00,0.0299,0.0100,11.4974
30/03/2018 00:00,0.0000,0.0100,11.6500
31/03/2018 00:00,0.0000,0.0100,11.6906
01/04/2018 00:00,0.0000,0.0100,11.5159
02/04/2018 00:00,0.0000,0.0100,11.3979
03/04/2018 00:00,0.0000,0.0100,11.3417
04/04/2018 00:00,0.0000,0.0100,11.6541
05/04/2018 00:00,0.0000,0.0100,11.8332
06/04/2018 00:00,0.0000,0.0100,11.8018
07/04/2018 00:00,0.0000,0.0100,11.6246
08/04/2018 00:00,0.0000,0.0100,11.6296
09/04/2018 00:00,0.0000,0.0100,11.6210
10/04/2018 00:00,0.0000,0.0100,11.3827
11/04/2018 00:00,0.0000,0.0100,11.4129
12/04/2018 00:00,0.0000,0.0100,11.3517
13/04/2018 00:00,0.0000,0.0100,11.1089
14/04/2018 00:00,0.0000,0.0100,11.1996
15/04/2018 00:00,0.0000,0.0100,10.4785
16/04/2018 00:00,0.0000,0.0100,9.9236
17/04/2018 00:00,0.0000,0.0100,9.3313
18/04/2018 00:00,0.0000,0.0100,8.8920
19/04/2018 00:00,0.0000,0.0100,9.0155
20/04/2018 00:00,0.0000,0.0100,9.0362
21/04/2018 00:00,0.0000,0.0100,9.3101
22/04/2018 00:00,0.0000,0.0100,10.1385
23/04/2018 00:00,0.0000,0.0100,9.8417
24/04/2018 00:00,0.0000,0.0100,9.8927
25/04/2018 00:00,0.0000,0.0100,9.6925
26/04/2018 00:00,0.0000,0.0100,9.7502
27/04/2018 00:00,0.0000,0.0100,9.3438
28/04/2018 00:00,0.0000,0.0100,9.4629
29/04/2018 00:00,0.0000,0.0100,9.3358
30/04/2018 00:00,0.0000,0.0100,9.4664
01/05/2018 00:00,0.0000,0.0100,9.1269
02/05/2018 00:00,0.0000,0.0100,9.4246
03/05/2018 00:00,0.0000,0.0100,9.0732
04/05/2018 00:00,2.1583,0.0100,9.2344
05/05/2018 00:00,1.1193,0.0100,9.0134
06/05/2018 00:00,0.0000,0.0100,8.9715
07/05/2018 00:00,0.0000,0.0100,8.6994
08/05/2018 00:00,0.0000,0.0100,8.5181
09/05/2018 00:00,0.0000,0.0100,8.2828
10/05/2018 00:00,0.0000,0.0100,8.0486
11/05/2018 00:00,0.0000,0.0100,7.4763
12/05/2018 00:00,0.5782,0.0100,7.2481
13/05/2018 00:00,0.4132,0.0100,7.2875
14/05/2018 00:00,0.2445,0.0100,7.3700
15/05/2018 00:00,0.1460,0.0100,7.4329
16/05/2018 00:00,0.0828,0.0100,7.0116
17/05/2018 00:00,0.0392,0.0100,6.8324
18/05/2018 00:00,0.0075,0.0100,6.8029
19/05/2018 00:00,0.0000,0.0100,6.7734
20/05/2018 00:00,0.0000,0.0100,6.8120
21/05/2018 00:00,0.0000,0.0100,6.5580
22/05/2018 00:00,0.0000,0.0100,6.3708
23/05/2018 00:00,0.0000,0.0100,6.1392
24/05/2018 00:00,0.0000,0.0100,6.2328
25/05/2018 00:00,0.0000,0.0100,5.8800
26/05/2018 00:00,0.0000,0.0100,5.7737
27/05/2018 00:00,0.0000,0.0100,5.8135
28/05/2018 00:00,0.0000,0.0100,5.7488
29/05/2018 00:00,0.0000,0.0100,6.0755
30/05/2018 00:00,0.5613,0.0100,6.0544
31/05/2018 00:00,0.5130,0.0100,5.7586
01/06/2018 00:00,0.3561,0.0100,5.2248
02/06/2018 00:00,0.2068,0.0100,5.0875
03/06/2018 00:00,0.1205,0.0100,5.2722
04/06/2018 00:00,0.0674,0.0100,5.2210
05/06/2018 00:00,0.0316,0.0100,5.1260
06/06/2018 00:00,0.0060,0.0100,5.1070
07/06/2018 00:00,0.0000,0.0100,5.0806
08/06/2018 00:00,2.4946,0.0100,5.3727
09/06/2018 00:00,1.9312,0.0100,5.5005
10/06/2018 00:00,0.8506,0.0100,5.3966
11/06/2018 00:00,0.4844,0.0100,5.3284
12/06/2018 00:00,0.3523,0.0100,5.2785
13/06/2018 00:00,3.0896,0.0100,5.2236
14/06/2018 00:00,0.4110,0.0100,5.2719
15/06/2018 00:00,3.6603,0.0100,4.9657
16/06/2018 00:00,4.0708,0.0100,4.6766
17/06/2018 00:00,3.8459,0.0100,4.5788
18/06/2018 00:00,4.4806,0.0100,4.4444
19/06/2018 00:00,1.7994,0.0100,4.1777
20/06/2018 00:00,0.9701,0.0100,4.2326
21/06/2018 00:00,0.6235,0.0100,4.2181
22/06/2018 00:00,0.4378,0.0100,4.2091
23/06/2018 00:00,0.3226,0.0100,4.2458
24/06/2018 00:00,0.2438,0.0100,4.1327
25/06/2018 00:00,0.1864,0.0100,4.0159
26/06/2018 00:00,0.1424,0.0100,3.9785
27/06/2018 00:00,0.1077,0.0100,4.1814
28/06/2018 00:00,0.0794,0.0100,4.1144
29/06/2018 00:00,1.1674,0.0100,4.0806
30/06/2018 00:00,0.2477,0.0100,4.2371
01/07/2018 00:00,0.2711,0.0100,4.1545
02/07/2018 00:00,0.1769,0.0100,3.8620
03/07/2018 00:00,0.1131,0.0100,3.8404
04/07/2018 00:00,0.0711,0.0100,3.8550
05/07/2018 00:00,0.3088,0.0100,3.9116
06/07/2018 00:00,12.6444,0.0100,4.0903
07/07/2018 00:00,4.5434,0.0100,3.9661
08/07/2018 00:00,3.5816,0.0100,3.6786
09/07/2018 00:00,1.9471,0.0100,3.1125
10/07/2018 00:00,2.0686,0.0100,3.1676
11/07/2018 00:00,0.8414,0.0100,3.0692
12/07/2018 00:00,0.5489,0.0100,3.0965
13/07/2018 00:00,0.3878,0.0100,3.1147
14/07/2018 00:00,0.2854,0.0100,3.2006
15/07/2018 00:00,0.2139,0.0100,3.1235
16/07/2018 00:00,0.1608,0.0100,3.1970
17/07/2018 00:00,0.1195,0.0100,3.1811
18/07/2018 00:00,2.5270,0.0100,3.2821
19/07/2018 00:00,10.1883,0.0100,3.3443
20/07/2018 00:00,5.7531,0.0100,3.3079
21/07/2018 00:00,1.9212,0.0100,2.9056
22/07/2018 00:00,1.0455,0.0100,2.8963
23/07/2018 00:00,0.6631,0.0100,3.0724
24/07/2018 00:00,5.0743,0.0100,2.9596
25/07/2018 00:00,4.6470,0.0100,2.8295
26/07/2018 00:00,3.7985,0.0100,2.6409
27/07/2018 00:00,1.9260,0.0100,2.8765
28/07/2018 00:00,1.3664,0.0100,2.8249
29/07/2018 00:00,0.7966,0.0100,2.9125
30/07/2018 00:00,13.2536,0.0100,3.0009
31/07/2018 00:00,5.9698,0.0100,2.9775
01/08/2018 00:00,3.2195,0.0100,2.9795
02/08/2018 00:00,1.3770,0.0100,3.0016
03/08/2018 00:00,0.7885,0.0100,2.9958
04/08/2018 00:00,0.6013,0.0100,3.0547
05/08/2018 00:00,0.5018,0.0100,3.3093
06/08/2018 00:00,0.2609,0.0100,3.4816
07/08/2018 00:00,1.1819,0.0100,3.4198
08/08/2018 00:00,1.0156,0.0100,3.5135
09/08/2018 00:00,1.7322,0.0100,3.6171
10/08/2018 00:00,0.8882,0.0100,3.5625
11/08/2018 00:00,2.1197,0.0100,3.6076
12/08/2018 00:00,2.1189,0.0100,3.5999
13/08/2018 00:00,1.6921,0.0100,3.7086
14/08/2018 00:00,0.6684,0.0100,3.6785
15/08/2018 00:00,0.4209,0.0100,3.9591
16/08/2018 00:00,2.8312,0.0100,3.6685
17/08/2018 00:00,3.0351,0.0100,3.7090
18/08/2018 00:00,29.4562,0.0100,3.7296
19/08/2018 00:00,3.5277,0.0100,3.7597
20/08/2018 00:00,1.5516,0.0100,3.5187
21/08/2018 00:00,0.9920,0.0100,3.2720
22/08/2018 00:00,0.6121,0.0100,3.2847
23/08/2018 00:00,0.3975,0.0100,3.4199
24/08/2018 00:00,0.2664,0.0100,3.6436
25/08/2018 00:00,0.1775,0.0100,3.6660
26/08/2018 00:00,0.1125,0.0100,4.0804
27/08/2018 00:00,0.0624,0.0100,4.1289
28/08/2018 00:00,0.0222,0.0100,3.7720
29/08/2018 00:00,0.0000,0.0100,3.7008
30/08/2018 00:00,0.0000,0.0100,3.5185
31/08/2018 00:00,0.0208,0.0100,3.7094
01/09/2018 00:00,0.0000,0.0100,3.8734
02/09/2018 00:00,0.0000,0.0100,3.7831
03/09/2018 00:00,0.0000,0.0100,3.8540
04/09/2018 00:00,0.0000,0.0100,3.9945
05/09/2018 00:00,0.0000,0.0100,4.1566
06/09/2018 00:00,0.0000,0.0100,4.1314
07/09/2018 00:00,2.3117,0.0100,4.1569
08/09/2018 00:00,1.7233,0.0100,4.4333
09/09/2018 00:00,1.2885,0.0100,4.7325
10/09/2018 00:00,0.3825,0.0100,4.9976
11/09/2018 00:00,0.2074,0.0100,5.2085
12/09/2018 00:00,8.9754,0.0100,5.3029
13/09/2018 00:00,0.1132,0.0100,5.0806
14/09/2018 00:00,0.1165,0.0100,5.2873
15/09/2018 00:00,0.0000,0.0100,5.9733
16/09/2018 00:00,0.3514,0.0100,5.5390
17/09/2018 00:00,0.2937,0.0100,5.5189
18/09/2018 00:00,0.1142,0.0100,5.7491
19/09/2018 00:00,0.0059,0.0100,5.8930
20/09/2018 00:00,0.0000,0.0100,5.8736
21/09/2018 00:00,0.0000,0.0100,5.8965
22/09/2018 00:00,0.0000,0.0100,6.1964
23/09/2018 00:00,0.0000,0.0100,6.4610
24/09/2018 00:00,0.0000,0.0100,6.0832
25/09/2018 00:00,0.0000,0.0100,6.1560
26/09/2018 00:00,0.0000,0.0100,6.2599
27/09/2018 00:00,0.0000,0.0100,6.4928
28/09/2018 00:00,0.0000,0.0100,6.6043
29/09/2018 00:00,0.0000,0.0100,6.8327
30/09/2018 00:00,0.0000,0.0100,6.7616
01/10/2018 00:00,0.0000,0.0100,7.3231
02/10/2018 00:00,0.0000,0.0100,7.4099
03/10/2018 00:00,0.0000,0.0100,7.6881
04/10/2018 00:00,0.0000,0.0100,8.0059
05/10/2018 00:00,0.0000,0.0100,7.7819
06/10/2018 00:00,0.0000,0.0100,8.0497
07/10/2018 00:00,0.0000,0.0100,8.3236
08/10/2018 00:00,0.0000,0.0100,8.8540
09/10/2018 00:00,0.0000,0.0100,9.1654
10/10/2018 00:00,0.0000,0.0100,8.8280
11/10/2018 00:00,0.0000,0.0100,8.8464
12/10/2018 00:00,0.0000,0.0100,8.8063
13/10/2018 00:00,0.0000,0.0100,9.0051
14/10/2018 00:00,0.0000,0.0100,9.3655
15/10/2018 00:00,0.0000,0.0100,9.2454
16/10/2018 00:00,0.0000,0.0100,9.9846
17/10/2018 00:00,0.0000,0.0100,10.8317
18/10/2018 00:00,0.0000,0.0100,10.7822
19/10/2018 00:00,0.0000,0.0100,11.1336
20/10/2018 00:00,0.0000,0.0100,11.1665
21/10/2018 00:00,0.0000,0.0100,11.2916
22/10/2018 00:00,0.0000,0.0100,12.8655
23/10/2018 00:00,0.0000,0.0100,11.8710
24/10/2018 00:00,0.0000,0.0100,11.4390
25/10/2018 00:00,0.0000,0.0100,11.2081
26/10/2018 00:00,0.0000,0.0100,10.8511
27/10/2018 00:00,0.0000,0.0100,10.6524
28/10/2018 00:00,0.0000,0.0100,10.1819
29/10/2018 00:00,0.0000,0.0100,10.1530
30/10/2018 00:00,0.0000,0.0100,10.4990
31/10/2018 00:00,0.0000,0.0100,10.7985
01/11/2018 00:00,0.0000,0.0100,11.1170
02/11/2018 00:00,0.0000,0.0100,11.4929
03/11/2018 00:00,0.0000,0.0100,11.3764
04/11/2018 00:00,0.0000,0.0100,10.5307
05/11/2018 00:00,0.0000,0.0100,10.4290
06/11/2018 00:00,0.0000,0.0100,10.8727
07/11/2018 00:00,0.0000,0.0100,11.0137
08/11/2018 00:00,0.0000,0.0100,10.6074
09/11/2018 00:00,0.0000,0.0100,10.3880
10/11/2018 00:00,0.0000,0.0100,10.3461
11/11/2018 00:00,0.0000,0.0100,10.9784
12/11/2018 00:00,0.0000,0.0100,11.3746
13/11/2018 00:00,0.0000,0.0100,11.8564
14/11/2018 00:00,0.0000,0.0100,11.9575
15/11/2018 00:00,0.0000,0.0100,11.6218
16/11/2018 00:00,0.2469,0.0100,11.7097
17/11/2018 00:00,0.0000,0.0100,11.6583
18/11/2018 00:00,0.0000,0.0100,11.9835
19/11/2018 00:00,0.0000,0.0100,12.5885
20/11/2018 00:00,0.0000,0.0100,12.6609
21/11/2018 00:00,5.3707,0.0100,12.6141
22/11/2018 00:00,0.0000,0.0100,12.7870
23/11/2018 00:00,6.5059,0.0100,12.2250
24/11/2018 00:00,0.0000,0.0100,11.9191
25/11/2018 00:00,0.9517,0.0100,11.8193
26/11/2018 00:00,0.0000,0.0100,11.7799
27/11/2018 00:00,5.3989,0.0100,12.3745
28/11/2018 00:00,0.0000,0.0100,12.3929
29/11/2018 00:00,0.0000,0.0100,12.6676
30/11/2018 00:00,0.0000,0.0100,14.0050
01/12/2018 00:00,0.0000,0.0100,13.9734
02/12/2018 00:00,0.0000,0.0100,14.0560
03/12/2018 00:00,0.0000,0.0100,13.6418
04/12/2018 00:00,0.0000,0.0100,12.6866
05/12/2018 00:00,0.0000,0.0100,12.7831
06/12/2018 00:00,0.0000,0.0100,14.4157
07/12/2018 00:00,0.0000,0.0100,14.6133
08/12/2018 00:00,0.0000,0.0100,14.7030
09/12/2018 00:00,0.0000,0.0100,14.7375
10/12/2018 00:00,0.0000,0.0100,15.0055
11/12/2018 00:00,0.0000,0.0100,15.4138
12/12/2018 00:00,0.0000,0.0100,16.6189
13/12/2018 00:00,0.0000,0.0100,16.1790
14/12/2018 00:00,0.0000,0.0100,16.0429
15/12/2018 00:00,0.0000,0.0100,16.3654
16/12/2018 00:00,0.0000,0.0100,15.9734
17/12/2018 00:00,0.0000,0.0100,16.3858
18/12/2018 00:00,0.0000,0.0100,16.4483
19/12/2018 00:00,0.0000,0.0100,16.2705
20/12/2018 00:00,1.2659,0.0100,16.4839
21/12/2018 00:00,0.0000,0.0100,16.1608
22/12/2018 00:00,0.0000,0.0100,15.9565
23/12/2018 00:00,0.0000,0.0100,16.0703
24/12/2018 00:00,0.0000,0.0100,16.3244
25/12/2018 00:00,0.0000,0.0100,16.5264
26/12/2018 00:00,0.0000,0.0100,16.9065
27/12/2018 00:00,0.0000,0.0100,17.1032
28/12/2018 00:00,0.0000,0.0100,16.6911
29/12/2018 00:00,0.0000,0.0100,17.4175
30/12/2018 00:00,0.0000,0.0100,18.0569
31/12/2018 00:00,0.0000,0.0100,18.5394
01/01/2019 00:00,0.0000,0.0100,18.8094
02/01/2019 00:00,0.0000,0.0100,18.2520
03/01/2019 00:00,0.0000,0.0100,18.1311
04/01/2019 00:00,0.0000,0.0100,18.4116
05/01/2019 00:00,0.0000,0.0100,18.3994
06/01/2019 00:00,0.0000,0.0100,18.1464
07/01/2019 00:00,0.0000,0.0100,18.0624
08/01/2019 00:00,0.0000,0.0100,18.3074
09/01/2019 00:00,0.0000,0.0100,17.9632
10/01/2019 00:00,0.0000,0.0100,17.6374
11/01/2019 00:00,0.0000,0.0100,17.7734
12/01/2019 00:00,0.0000,0.0100,17.6403
13/01/2019 00:00,0.0000,0.0100,17.3710
14/01/2019 00:00,0.0000,0.0100,18.1201
15/01/2019 00:00,0.0000,0.0100,18.3274
16/01/2019 00:00,0.0000,0.0100,19.2041
17/01/2019 00:00,0.0000,0.0100,19.0080
18/01/2019 00:00,0.0000,0.0100,19.4131
19/01/2019 00:00,0.0000,0.0100,19.3845
20/01/2019 00:00,0.0000,0.0100,18.4190
21/01/2019 00:00,0.0000,0.0100,18.6591
22/01/2019 00:00,0.0000,0.0100,19.0300
23/01/2019 00:00,0.0000,0.0100,19.1596
24/01/2019 00:00,0.0000,0.0100,18.3897
25/01/2019 00:00,0.0000,0.0100,18.3096
26/01/2019 00:00,0.0000,0.0100,18.2372
27/01/2019 00:00,0.0000,0.0100,17.9231
28/01/2019 00:00,0.0000,0.0100,17.2705
29/01/2019 00:00,0.0000,0.0100,17.5779
30/01/2019 00:00,0.0000,0.0100,17.9455
31/01/2019 00:00,0.0000,0.0100,18.0326
01/02/2019 00:00,0.0000,0.0100,16.8825
02/02/2019 00:00,0.0000,0.0100,16.9344
03/02/2019 00:00,0.0000,0.0100,16.9348
04/02/2019 00:00,0.0000,0.0100,17.4319
05/02/2019 00:00,0.0000,0.0100,17.4490
06/02/2019 00:00,0.0000,0.0100,17.1318
07/02/2019 00:00,0.0000,0.0100,16.9413
08/02/2019 00:00,0.0000,0.0100,17.3809
09/02/2019 00:00,0.0000,0.0100,17.2305
10/02/2019 00:00,0.0000,0.0100,16.1565
11/02/2019 00:00,0.0000,0.0100,16.0231
12/02/2019 00:00,0.0000,0.0100,16.0731
13/02/2019 00:00,0.0591,0.0100,15.3716
14/02/2019 00:00,0.0000,0.0100,14.6636
15/02/2019 00:00,0.0000,0.0100,14.5874
16/02/2019 00:00,0.0000,0.0100,15.0333
17/02/2019 00:00,0.0000,0.0100,14.8691
18/02/2019 00:00,0.0000,0.0100,15.1578
19/02/2019 00:00,0.0000,0.0100,15.2309
20/02/2019 00:00,0.0000,0.0100,14.7836
21/02/2019 00:00,0.0000,0.0100,14.3910
22/02/2019 00:00,0.0000,0.0100,14.1375
23/02/2019 00:00,0.0000,0.0100,14.3607
24/02/2019 00:00,0.0000,0.0100,14.5746
25/02/2019 00:00,0.0000,0.0100,14.6619
26/02/2019 00:00,0.0000,0.0100,15.6201
27/02/2019 00:00,0.0000,0.0100,15.3325
28/02/2019 00:00,0.0000,0.0100,15.4075
01/03/2019 00:00,0.0000,0.0100,15.6028
02/03/2019 00:00,0.0000,0.0100,16.1020
03/03/2019 00:00,0.0000,0.0100,16.8120
04/03/2019 00:00,0.0000,0.0100,16.3960
05/03/2019 00:00,0.0000,0.0100,16.9638
06/03/2019 00:00,1.3319,0.0100,16.7075
07/03/2019 00:00,0.0000,0.0100,15.0980
08/03/2019 00:00,0.0000,0.0100,14.6700
09/03/2019 00:00,0.0000,0.0100,14.5467
10/03/2019 00:00,0.0000,0.0100,14.7643
11/03/2019 00:00,0.0000,0.0100,14.6069
12/03/2019 00:00,0.0000,0.0100,15.0258
13/03/2019 00:00,0.0000,0.0100,14.1758
14/03/2019 00:00,0.0000,0.0100,13.7359
15/03/2019 00:00,0.0000,0.0100,14.2208
16/03/2019 00:00,0.0000,0.0100,14.6605
17/03/2019 00:00,0.0000,0.0100,15.0774
18/03/2019 00:00,0.0000,0.0100,15.6535
19/03/2019 00:00,0.0000,0.0100,15.7014
20/03/2019 00:00,0.1618,0.0100, NaN
21/03/2019 00:00,0.0000,0.0100, NaN
22/03/2019 00:00,9.2877,0.0100,16.1769
23/03/2019 00:00,0.0000,0.0100,16.7500
24/03/2019 00:00,0.0000,0.0100,15.5853
25/03/2019 00:00,36.5510,0.0100,14.9721
26/03/2019 00:00,4.2704,0.0100,13.6729
27/03/2019 00:00,0.0000,0.0100,12.6065
28/03/2019 00:00,0.0000,0.0100,13.1888
29/03/2019 00:00,0.0000,0.0100,12.5950
30/03/2019 00:00,0.0000,0.0100,12.4887
31/03/2019 00:00,0.0000,0.0100,12.0224
01/04/2019 00:00,0.0000,0.0100,11.4826
02/04/2019 00:00,0.0000,0.0100,11.4062
03/04/2019 00:00,0.0000,0.0100,11.4049
04/04/2019 00:00,0.0000,0.0100,11.1255
05/04/2019 00:00,0.0000,0.0100,11.0381
06/04/2019 00:00,14.7907,0.0100,10.9334
07/04/2019 00:00,0.0000,0.0100,11.1635
08/04/2019 00:00,0.0000,0.0100,10.9031
09/04/2019 00:00,0.0000,0.0100,10.5195
10/04/2019 00:00,0.0000,0.0100,9.8242
11/04/2019 00:00,0.0000,0.0100,9.5974
12/04/2019 00:00,0.0000,0.0100,9.8864
13/04/2019 00:00,0.0000,0.0100,9.7499
14/04/2019 00:00,0.0000,0.0100,9.9761
15/04/2019 00:00,0.0000,0.0100,10.0337
16/04/2019 00:00,0.0000,0.0100,10.2711
17/04/2019 00:00,0.0000,0.0100,10.4712
18/04/2019 00:00,40.1542,0.0100,10.8159
19/04/2019 00:00,0.0000,0.0100,10.3514
20/04/2019 00:00,0.0000,0.0100,10.2297
21/04/2019 00:00,0.0000,0.0100,10.4146
22/04/2019 00:00,0.9342,0.0100,10.6426
23/04/2019 00:00,0.0000,0.0100,10.9253
24/04/2019 00:00,0.0000,0.0100,10.8229
25/04/2019 00:00,0.0000,0.0100,10.6925
26/04/2019 00:00,0.0000,0.0100,10.2065
27/04/2019 00:00,0.0000,0.0100,9.1753
28/04/2019 00:00,0.0000,0.0100,8.9406
29/04/2019 00:00,0.0000,0.0100,8.5629
30/04/2019 00:00,0.0000,0.0100,8.5419
01/05/2019 00:00,0.0000,0.0100,8.5425
02/05/2019 00:00,0.0000,0.0100,8.6761
03/05/2019 00:00,0.2623,0.0100,8.8736
04/05/2019 00:00,0.0000,0.0100,8.8611
05/05/2019 00:00,0.0000,0.0100,8.7545
06/05/2019 00:00,0.0000,0.0100,8.7284
07/05/2019 00:00,0.0000,0.0100,8.4443
08/05/2019 00:00,0.0000,0.0100,8.4709
09/05/2019 00:00,0.0000,0.0100,8.2840
10/05/2019 00:00,2.5722,0.0100,8.1821
11/05/2019 00:00,0.5612,0.0100,8.0176
12/05/2019 00:00,0.0000,0.0100,7.8053
13/05/2019 00:00,0.0000,0.0100,7.7634
14/05/2019 00:00,9.5168,0.0100,7.9329
15/05/2019 00:00,0.0000,0.0100,7.6096
16/05/2019 00:00,0.0000,0.0100,7.5328
17/05/2019 00:00,0.0000,0.0100,7.7040
18/05/2019 00:00,0.0000,0.0100,7.6662
19/05/2019 00:00,0.0000,0.0100,7.5388
20/05/2019 00:00,0.0000,0.0100,7.4979
21/05/2019 00:00,0.0000,0.0100,7.4276
22/05/2019 00:00,0.0000,0.0100,7.4272
23/05/2019 00:00,0.0000,0.0100,7.5010
24/05/2019 00:00,0.0000,0.0100,7.3510
25/05/2019 00:00,0.0000,0.0100,7.2521
26/05/2019 00:00,0.0000,0.0100,7.2861
27/05/2019 00:00,0.0000,0.0100,6.8362
28/05/2019 00:00,0.0000,0.0100,6.1805
29/05/2019 00:00,0.0000,0.0100,5.7897
30/05/2019 00:00,0.0000,0.0100,5.3280
31/05/2019 00:00,0.0000,0.0100,4.9536
01/06/2019 00:00,0.0000,0.0100,5.3427
02/06/2019 00:00,0.0000,0.0100,5.0541
03/06/2019 00:00,0.0000,0.0100,4.9585
04/06/2019 00:00,0.0000,0.0100,4.6905
05/06/2019 00:00,0.0000,0.0100,4.1082
06/06/2019 00:00,0.0000,0.0100,4.3724
07/06/2019 00:00,0.0000,0.0100,4.5081
08/06/2019 00:00,0.0000,0.0100,4.5801
09/06/2019 00:00,0.0000,0.0100,4.4493
10/06/2019 00:00,0.0000,0.0100,4.3418
11/06/2019 00:00,3.1110,0.0100,4.4866
12/06/2019 00:00,1.0040,0.0100,4.7332
13/06/2019 00:00,3.6922,0.0100,4.6494
14/06/2019 00:00,1.5244,0.0100,4.5500
15/06/2019 00:00,0.7514,0.0100,4.4680
16/06/2019 00:00,0.4614,0.0100,4.1874
17/06/2019 00:00,0.3123,0.0100,4.4283
18/06/2019 00:00,0.2216,0.0100,4.4376
19/06/2019 00:00,1.5737,0.0100,4.3580
20/06/2019 00:00,1.1452,0.0100,3.8196
21/06/2019 00:00,0.6882,0.0100,3.8656
22/06/2019 00:00,0.4308,0.0100,3.6397
23/06/2019 00:00,0.2923,0.0100,3.6109
24/06/2019 00:00,0.2065,0.0100,3.3977
25/06/2019 00:00,0.1479,0.0100,3.5811
26/06/2019 00:00,0.1054,0.0100,3.6664
27/06/2019 00:00,0.0731,0.0100,3.4380
28/06/2019 00:00,0.0476,0.0100,3.3626
29/06/2019 00:00,0.3897,0.0100,3.7481
30/06/2019 00:00,10.9488,0.0100,4.2864
01/07/2019 00:00,3.8459,0.0100,4.0091
02/07/2019 00:00,3.8428,0.0100,4.1820
03/07/2019 00:00,2.3884,0.0100,4.0081
04/07/2019 00:00,1.1659,0.0100,3.7367
05/07/2019 00:00,0.7085,0.0100,3.9200
06/07/2019 00:00,0.7336,0.0100,4.0324
07/07/2019 00:00,0.3490,0.0100,4.2259
08/07/2019 00:00,0.2604,0.0100,4.2854
09/07/2019 00:00,0.2385,0.0100,4.2859
10/07/2019 00:00,0.1840,0.0100,4.3143
11/07/2019 00:00,34.1413,0.0100,4.2251
12/07/2019 00:00,5.5860,0.0100,4.1256
13/07/2019 00:00,2.8153,0.0100,3.7372
14/07/2019 00:00,1.5925,0.0100,3.4632
15/07/2019 00:00,1.2554,0.0100,3.1870
16/07/2019 00:00,2.3961,0.0100,3.2016
17/07/2019 00:00,1.2399,0.0100,3.4823
18/07/2019 00:00,0.8570,0.0100,3.0697
19/07/2019 00:00,1.8025,0.0100,3.1162
20/07/2019 00:00,1.0137,0.0100,3.1448
21/07/2019 00:00,0.6200,0.0100,3.1416
22/07/2019 00:00,2.0543,0.0100,3.3748
23/07/2019 00:00,8.6143,0.0100,3.3969
24/07/2019 00:00,4.7801,0.0100,3.4579
25/07/2019 00:00,1.8279,0.0100,3.3228
26/07/2019 00:00,1.0437,0.0100,3.4611
27/07/2019 00:00,0.6379,0.0100,3.4864
28/07/2019 00:00,0.4354,0.0100,3.4260
29/07/2019 00:00,0.3091,0.0100,3.3736
30/07/2019 00:00,0.2242,0.0100,3.2729
31/07/2019 00:00,0.1626,0.0100,2.9825
01/08/2019 00:00,0.1712,0.0100,3.1254
02/08/2019 00:00,0.0779,0.0100,3.2455
03/08/2019 00:00,0.0471,0.0100,3.2454
04/08/2019 00:00,0.0214,0.0100,3.2912
05/08/2019 00:00,0.0000,0.0100,2.9926
06/08/2019 00:00,0.0000,0.0100,3.2622
07/08/2019 00:00,0.0000,0.0100,3.2766
08/08/2019 00:00,0.0000,0.0100,3.1888
09/08/2019 00:00,0.0000,0.0100,3.1289
10/08/2019 00:00,0.0000,0.0100,3.0500
11/08/2019 00:00,0.0000,0.0100,3.0210
12/08/2019 00:00,0.0000,0.0100,2.9776
13/08/2019 00:00,0.0000,0.0100,3.0867
14/08/2019 00:00,0.0000,0.0100,3.3512
15/08/2019 00:00,0.0000,0.0100,3.5101
16/08/2019 00:00,0.0000,0.0100,3.7772
17/08/2019 00:00,0.0000,0.0100,3.5307
18/08/2019 00:00,0.0000,0.0100,3.7439
19/08/2019 00:00,0.0000,0.0100,4.0105
20/08/2019 00:00,1.2014,0.0100,3.6911
21/08/2019 00:00,0.0720,0.0100,3.8989
22/08/2019 00:00,0.6682,0.0100,3.3714
23/08/2019 00:00,1.1389,0.0100,3.2243
24/08/2019 00:00,0.5603,0.0100,3.3142
25/08/2019 00:00,0.4321,0.0100,3.6836
26/08/2019 00:00,0.2060,0.0100,3.4322
27/08/2019 00:00,0.0964,0.0100,3.6309
28/08/2019 00:00,0.0272,0.0100,3.7799
29/08/2019 00:00,0.0000,0.0100,3.7016
30/08/2019 00:00,0.0000,0.0100,3.6356
31/08/2019 00:00,0.0000,0.0100,3.9186
01/09/2019 00:00,0.0000,0.0100,4.0708
02/09/2019 00:00,0.0000,0.0100,4.2088
03/09/2019 00:00,0.0000,0.0100,4.4586
04/09/2019 00:00,0.0000,0.0100,5.0010
05/09/2019 00:00,0.0000,0.0100,4.9271
06/09/2019 00:00,0.0000,0.0100,4.6556
07/09/2019 00:00,2.0197,0.0100,4.6286
08/09/2019 00:00,4.0332,0.0100,4.4381
09/09/2019 00:00,2.4856,0.0100,4.7961
10/09/2019 00:00,1.4610,0.0100,4.6891
11/09/2019 00:00,0.7271,0.0100,4.7579
12/09/2019 00:00,0.3982,0.0100,5.1574
13/09/2019 00:00,0.3337,0.0100,5.3706
14/09/2019 00:00,0.1880,0.0100,5.2983
15/09/2019 00:00,0.0865,0.0100,5.4366
16/09/2019 00:00,0.0167,0.0100,5.6794
17/09/2019 00:00,0.0000,0.0100,5.1691
18/09/2019 00:00,0.0000,0.0100,5.3830
19/09/2019 00:00,0.0000,0.0100,5.6703
20/09/2019 00:00,0.0000,0.0100,6.0146
21/09/2019 00:00,0.0000,0.0100,6.6666
22/09/2019 00:00,0.0000,0.0100,6.9125
23/09/2019 00:00,0.0000,0.0100,6.4444
24/09/2019 00:00,0.0000,0.0100,6.6418
25/09/2019 00:00,0.0000,0.0100,6.6715
26/09/2019 00:00,0.0000,0.0100,6.7864
27/09/2019 00:00,0.0000,0.0100,7.0583
28/09/2019 00:00,0.0000,0.0100,7.2314
29/09/2019 00:00,0.0000,0.0100,7.3166
30/09/2019 00:00,0.0000,0.0100,7.3019
01/10/2019 00:00,0.0000,0.0100,7.2870
02/10/2019 00:00,0.0000,0.0100,7.8228
03/10/2019 00:00,0.0000,0.0100,8.3071
04/10/2019 00:00,0.0000,0.0100,8.8253
05/10/2019 00:00,0.0000,0.0100,8.5726
06/10/2019 00:00,0.0000,0.0100,8.5721
07/10/2019 00:00,0.0000,0.0100,9.0575
08/10/2019 00:00,0.0000,0.0100,8.7951
09/10/2019 00:00,0.0000,0.0100,8.6342
10/10/2019 00:00,0.0000,0.0100,8.3635
11/10/2019 00:00,0.0000,0.0100,8.5299
12/10/2019 00:00,0.0000,0.0100,8.3691
13/10/2019 00:00,0.0000,0.0100,9.4089
14/10/2019 00:00,0.0000,0.0100,9.2707
15/10/2019 00:00,0.0000,0.0100,9.4344
16/10/2019 00:00,0.0000,0.0100,9.5802
17/10/2019 00:00,0.0000,0.0100,9.6105
18/10/2019 00:00,0.0000,0.0100,9.6244
19/10/2019 00:00,0.0000,0.0100,9.2157
20/10/2019 00:00,0.0000,0.0100,8.8915
21/10/2019 00:00,0.0000,0.0100,8.9406
22/10/2019 00:00,0.0000,0.0100,9.3715
23/10/2019 00:00,0.0000,0.0100,11.0525
24/10/2019 00:00,0.0000,0.0100,10.9872
25/10/2019 00:00,0.0000,0.0100,11.3680
26/10/2019 00:00,0.0000,0.0100,10.6536
27/10/2019 00:00,0.0000,0.0100,10.3987
28/10/2019 00:00,0.0000,0.0100,10.1029
29/10/2019 00:00,0.0000,0.0100,10.0006
30/10/2019 00:00,0.0000,0.0100,10.5083
31/10/2019 00:00,0.0000,0.0100,10.7272
01/11/2019 00:00,0.0000,0.0100,11.4071
02/11/2019 00:00,0.0000,0.0100,11.9842
03/11/2019 00:00,0.0000,0.0100,12.0055
04/11/2019 00:00,0.0000,0.0100,11.8139
05/11/2019 00:00,0.0000,0.0100,11.5935
06/11/2019 00:00,0.0000,0.0100,11.5594
07/11/2019 00:00,0.0000,0.0100,10.8845
08/11/2019 00:00,0.0000,0.0100,10.3325
09/11/2019 00:00,0.0000,0.0100,9.8124
10/11/2019 00:00,0.0000,0.0100,9.5621
11/11/2019 00:00,0.0000,0.0100,9.3690
12/11/2019 00:00,0.0000,0.0100,9.8431
13/11/2019 00:00,0.0000,0.0100,9.4729
14/11/2019 00:00,0.0000,0.0100,9.2336
15/11/2019 00:00,0.0000,0.0100,9.8516
16/11/2019 00:00,0.0000,0.0100,9.4434
17/11/2019 00:00,0.9747,0.0100,9.0784
18/11/2019 00:00,0.0000,0.0100,9.2265
19/11/2019 00:00,0.0000,0.0100,9.9200
20/11/2019 00:00,0.0000,0.0100,10.1635
21/11/2019 00:00,0.0000,0.0100,10.3788
22/11/2019 00:00,0.0000,0.0100,11.1071
23/11/2019 00:00,0.0000,0.0100,11.2921
24/11/2019 00:00,0.0000,0.0100,11.5606
25/11/2019 00:00,0.0000,0.0100,11.2606
26/11/2019 00:00,1.5481,0.0100,11.6321
27/11/2019 00:00,0.0000,0.0100,12.1333
28/11/2019 00:00,0.0000,0.0100,11.1045
29/11/2019 00:00,0.0000,0.0100,11.9544
30/11/2019 00:00,0.0000,0.0100,12.0289
01/12/2019 00:00,0.0000,0.0100,11.9056
02/12/2019 00:00,0.0000,0.0100,11.8413
03/12/2019 00:00,0.0000,0.0100,11.1632
04/12/2019 00:00,0.0000,0.0100,10.6049
05/12/2019 00:00,0.0000,0.0100,10.1634
06/12/2019 00:00,0.0000,0.0100,10.3095
07/12/2019 00:00,0.0000,0.0100,10.1401
08/12/2019 00:00,0.0000,0.0100,10.2632
09/12/2019 00:00,0.0000,0.0100,12.0074
10/12/2019 00:00,0.0000,0.0100,12.0687
11/12/2019 00:00,0.0000,0.0100,12.0969
12/12/2019 00:00,0.0000,0.0100,12.4497
13/12/2019 00:00,0.0000,0.0100,12.2022
14/12/2019 00:00,0.0000,0.0100,11.9979
15/12/2019 00:00,0.0000,0.0100,12.4466
16/12/2019 00:00,0.0000,0.0100,12.2175
17/12/2019 00:00,0.0000,0.0100,13.6086
18/12/2019 00:00,0.0000,0.0100,14.2055
19/12/2019 00:00,0.0000,0.0100,14.7689
20/12/2019 00:00,0.0000,0.0100,14.6986
21/12/2019 00:00,0.7872,0.0100,14.9150
22/12/2019 00:00,0.0000,0.0100,14.6951
23/12/2019 00:00,0.0000,0.0100,15.3324
24/12/2019 00:00,0.0000,0.0100,14.3321
25/12/2019 00:00,0.0000,0.0100,15.7476
26/12/2019 00:00,0.0000,0.0100,15.8964
27/12/2019 00:00,0.0000,0.0100,15.7914
28/12/2019 00:00,0.0000,0.0100,16.1642
29/12/2019 00:00,0.0000,0.0100,16.9334
30/12/2019 00:00,0.0000,0.0100,17.9835
31/12/2019 00:00,0.0000,0.0100,18.0583
01/01/2020 00:00,0.0000,0.0100,17.5670
02/01/2020 00:00,0.0000,0.0100,16.4520
03/01/2020 00:00,0.0000,0.0100,17.0571
04/01/2020 00:00,0.0000,0.0100,17.3620
05/01/2020 00:00,0.0000,0.0100,16.3019
06/01/2020 00:00,0.0000,0.0100,16.3702
07/01/2020 00:00,0.0000,0.0100,16.7926
08/01/2020 00:00,0.0000,0.0100,16.6964
09/01/2020 00:00,0.0000,0.0100,16.7295
10/01/2020 00:00,0.0000,0.0100,16.9396
11/01/2020 00:00,0.0000,0.0100,16.2639
12/01/2020 00:00,0.0000,0.0100,14.8980
13/01/2020 00:00,0.0000,0.0100,16.3429
14/01/2020 00:00,0.0000,0.0100,15.8249
15/01/2020 00:00,0.0000,0.0100,16.6627
16/01/2020 00:00,0.0000,0.0100,16.5870
17/01/2020 00:00,0.0000,0.0100,15.9839
18/01/2020 00:00,0.0000,0.0100,15.8733
19/01/2020 00:00,0.0000,0.0100,16.5261
20/01/2020 00:00,0.0000,0.0100,16.3746
21/01/2020 00:00,0.0000,0.0100,16.3014
22/01/2020 00:00,0.0000,0.0100,16.4200
23/01/2020 00:00,17.5095,0.0100,16.1066
24/01/2020 00:00,0.0000,0.0100,15.3130
25/01/2020 00:00,0.0000,0.0100,14.8936
26/01/2020 00:00,0.0000,0.0100,14.9535
27/01/2020 00:00,0.0000,0.0100,15.0611
28/01/2020 00:00,0.0000,0.0100,15.0373
29/01/2020 00:00,0.0000,0.0100,15.3178
30/01/2020 00:00,0.0000,0.0100,15.9440
31/01/2020 00:00,0.0000,0.0100,16.2677
01/02/2020 00:00,11.7083,0.0100,16.4808
02/02/2020 00:00,0.0000,0.0100,16.7052
03/02/2020 00:00,0.0000,0.0100,15.6011
04/02/2020 00:00,0.0000,0.0100,14.2291
05/02/2020 00:00,0.0000,0.0100,14.9885
06/02/2020 00:00,0.0000,0.0100,14.7856
07/02/2020 00:00,0.0000,0.0100,15.6758
08/02/2020 00:00,0.0000,0.0100,16.1339
09/02/2020 00:00,0.0000,0.0100,15.9004
10/02/2020 00:00,0.0000,0.0100,16.0807
11/02/2020 00:00,1.0763,0.0100,15.5774
12/02/2020 00:00,0.0000,0.0100,15.6571
13/02/2020 00:00,0.0000,0.0100,16.2462
14/02/2020 00:00,0.0000,0.0100,16.9291
15/02/2020 00:00,0.0000,0.0100,17.0731
16/02/2020 00:00,0.0000,0.0100,16.7975
17/02/2020 00:00,0.0000,0.0100,15.6944
18/02/2020 00:00,0.0000,0.0100,16.8895
19/02/2020 00:00,5.0877,0.0100,16.0019
20/02/2020 00:00,0.0000,0.0100,15.2599
21/02/2020 00:00,0.0000,0.0100,15.0314
22/02/2020 00:00,0.0000,0.0100,14.2562
23/02/2020 00:00,0.0000,0.0100,15.0469
24/02/2020 00:00,0.0000,0.0100,15.2904
25/02/2020 00:00,0.0000,0.0100,15.6892
26/02/2020 00:00,0.0000,0.0100,15.5742
27/02/2020 00:00,0.0000,0.0100,14.3680
28/02/2020 00:00,0.0000,0.0100,13.8534
29/02/2020 00:00,0.0000,0.0100,13.2741
01/03/2020 00:00,0.0000,0.0100,14.1591
02/03/2020 00:00,9.3864,0.0100,13.8910
03/03/2020 00:00,0.0000,0.0100,13.3386
04/03/2020 00:00,0.0000,0.0100,13.5615
05/03/2020 00:00,0.0000,0.0100,13.6751
06/03/2020 00:00,16.3883,0.0100,13.7694
07/03/2020 00:00,2.7637,0.0100,13.9419
08/03/2020 00:00,1.0315,0.0100,13.3781
09/03/2020 00:00,0.4913,0.0100,13.2591
10/03/2020 00:00,0.2392,0.0100,13.3544
11/03/2020 00:00,0.0954,0.0100,13.3364
12/03/2020 00:00,0.0030,0.0100,13.7658
13/03/2020 00:00,0.0000,0.0100,14.0556
14/03/2020 00:00,0.0000,0.0100,13.1148
15/03/2020 00:00,0.0000,0.0100,11.5744
16/03/2020 00:00,0.0000,0.0100,12.1530
17/03/2020 00:00,0.0000,0.0100,12.4339
18/03/2020 00:00,0.0000,0.0100,12.5506
19/03/2020 00:00,0.0000,0.0100,12.6664
20/03/2020 00:00,1.3625,0.0100,12.6376
21/03/2020 00:00,0.0000,0.0100,12.3205
22/03/2020 00:00,0.0000,0.0100,12.4415
23/03/2020 00:00,0.0000,0.0100,11.8336
24/03/2020 00:00,0.0000,0.0100,11.7348
25/03/2020 00:00,0.0000,0.0100,13.1997
26/03/2020 00:00,0.0000,0.0100,11.8161
27/03/2020 00:00,0.0000,0.0100,11.9403
28/03/2020 00:00,0.0000,0.0100,12.0440
29/03/2020 00:00,0.0000,0.0100,12.1711
30/03/2020 00:00,0.0000,0.0100,12.3109
31/03/2020 00:00,0.0000,0.0100,11.9091
01/04/2020 00:00,0.0000,0.0100,12.0109
02/04/2020 00:00,0.0000,0.0100,12.5418
03/04/2020 00:00,0.0000,0.0100,12.2470
04/04/2020 00:00,8.1706,0.0100,12.1620
05/04/2020 00:00,2.5422,0.0100,11.3833
06/04/2020 00:00,0.9692,0.0100,10.2069
07/04/2020 00:00,0.4750,0.0100,10.2474
08/04/2020 00:00,0.2472,0.0100,10.3080
09/04/2020 00:00,0.1200,0.0100,10.7022
10/04/2020 00:00,0.0395,0.0100,10.3489
11/04/2020 00:00,3.1121,0.0100,10.4495
12/04/2020 00:00,0.0000,0.0100,10.0154
13/04/2020 00:00,0.0000,0.0100,9.9413
14/04/2020 00:00,0.0000,0.0100,10.0519
15/04/2020 00:00,0.0000,0.0100,10.4001
16/04/2020 00:00,0.8615,0.0100,10.4509
17/04/2020 00:00,0.0000,0.0100,10.1152
18/04/2020 00:00,0.0000,0.0100,9.0810
19/04/2020 00:00,0.0000,0.0100,8.6810
20/04/2020 00:00,0.0000,0.0100,8.8666
21/04/2020 00:00,0.7350,0.0100,8.9663
22/04/2020 00:00,0.5797,0.0100,8.6579
23/04/2020 00:00,0.1154,0.0100,8.3349
24/04/2020 00:00,0.0727,0.0100,8.4120
25/04/2020 00:00,0.0000,0.0100,8.8198
26/04/2020 00:00,0.0000,0.0100,8.6751
27/04/2020 00:00,0.0000,0.0100,8.3100
28/04/2020 00:00,0.0000,0.0100,8.3447
29/04/2020 00:00,0.0000,0.0100,8.3978
30/04/2020 00:00,1.2148,0.0100,8.3020
01/05/2020 00:00,0.0147,0.0100,8.2539
02/05/2020 00:00,0.0000,0.0100,8.0315
03/05/2020 00:00,0.0000,0.0100,7.3666
04/05/2020 00:00,0.0000,0.0100,6.6375
05/05/2020 00:00,0.0000,0.0100,6.9181
06/05/2020 00:00,0.0000,0.0100,7.1063
07/05/2020 00:00,0.0000,0.0100,7.2066
08/05/2020 00:00,1.0263,0.0100,7.0728
09/05/2020 00:00,0.0000,0.0100,7.0895
10/05/2020 00:00,1.8081,0.0100,6.9660
11/05/2020 00:00,0.7278,0.0100,6.5609
12/05/2020 00:00,0.3687,0.0100,6.7406
13/05/2020 00:00,0.2291,0.0100,6.6467
14/05/2020 00:00,0.1614,0.0100,6.1852
15/05/2020 00:00,0.0880,0.0100,6.1730
16/05/2020 00:00,0.0399,0.0100,6.3676
17/05/2020 00:00,0.0065,0.0100,6.3341
18/05/2020 00:00,0.0000,0.0100,6.6251
19/05/2020 00:00,0.0000,0.0100,6.6395
20/05/2020 00:00,2.5673,0.0100,6.6786
21/05/2020 00:00,0.7414,0.0100,6.7254
22/05/2020 00:00,0.4149,0.0100,6.3589
23/05/2020 00:00,0.2299,0.0100,6.2012
24/05/2020 00:00,0.1326,0.0100,6.1071
25/05/2020 00:00,0.0734,0.0100,5.9769
26/05/2020 00:00,0.0338,0.0100,6.0445
27/05/2020 00:00,0.0057,0.0100,5.8866
28/05/2020 00:00,0.0000,0.0100,5.8357
29/05/2020 00:00,0.0000,0.0100,5.9672
30/05/2020 00:00,0.0000,0.0100,6.1621
31/05/2020 00:00,0.0000,0.0100,6.2066
01/06/2020 00:00,0.1424,0.0100,5.8433
02/06/2020 00:00,0.0335,0.0100,5.9110
03/06/2020 00:00,0.6619,0.0100,5.9111
04/06/2020 00:00,0.0000,0.0100,5.1594
05/06/2020 00:00,0.0000,0.0100,5.0209
06/06/2020 00:00,0.0000,0.0100,5.0964
07/06/2020 00:00,0.0000,0.0100,4.7204
08/06/2020 00:00,0.0000,0.0100,4.5509
09/06/2020 00:00,0.0000,0.0100,4.4924
10/06/2020 00:00,0.0039,0.0100,4.2659
11/06/2020 00:00,0.0000,0.0100,4.3361
12/06/2020 00:00,0.0000,0.0100,4.4413
13/06/2020 00:00,0.0000,0.0100,4.2508
14/06/2020 00:00,0.1464,0.0100,4.2650
15/06/2020 00:00,1.6237,0.0100,4.8114
16/06/2020 00:00,0.2273,0.0100,4.9700
17/06/2020 00:00,0.1494,0.0100,4.4614
18/06/2020 00:00,0.1619,0.0100,4.0697
19/06/2020 00:00,0.1127,0.0100,3.8529
20/06/2020 00:00,0.0586,0.0100,4.0992
21/06/2020 00:00,0.0237,0.0100,3.9816
22/06/2020 00:00,7.7778,0.0100,4.2276
23/06/2020 00:00,4.4181,0.0100,4.2599
24/06/2020 00:00,5.0343,0.0100,4.5249
25/06/2020 00:00,2.9862,0.0100,4.7349
26/06/2020 00:00,1.7344,0.0100,4.7462
27/06/2020 00:00,0.9490,0.0100,4.4084
28/06/2020 00:00,0.6009,0.0100,4.3744
29/06/2020 00:00,0.4164,0.0100,4.3943
30/06/2020 00:00,0.3029,0.0100,4.4199
01/07/2020 00:00,0.2259,0.0100,4.1946
02/07/2020 00:00,0.1700,0.0100,4.2761
03/07/2020 00:00,4.6675,0.0100,4.3540
04/07/2020 00:00,1.7225,0.0100,3.7971
05/07/2020 00:00,0.9409,0.0100,3.9701
06/07/2020 00:00,0.6083,0.0100,4.1818
07/07/2020 00:00,0.4277,0.0100,4.1174
08/07/2020 00:00,0.3146,0.0100,3.7822
09/07/2020 00:00,0.2368,0.0100,3.7861
10/07/2020 00:00,0.1796,0.0100,3.8374
11/07/2020 00:00,0.1355,0.0100,3.7264
12/07/2020 00:00,0.1004,0.0100,3.7179
13/07/2020 00:00,0.0717,0.0100,3.6125
14/07/2020 00:00,0.0477,0.0100,3.7219
15/07/2020 00:00,0.0273,0.0100,3.7294
16/07/2020 00:00,0.0098,0.0100,3.7500
17/07/2020 00:00,0.0000,0.0100,3.8032
18/07/2020 00:00,0.0000,0.0100,3.8195
19/07/2020 00:00,0.0000,0.0100,3.7631
20/07/2020 00:00,0.0000,0.0100,3.8127
21/07/2020 00:00,0.6092,0.0100,3.3520
22/07/2020 00:00,0.0000,0.0100,3.5154
23/07/2020 00:00,0.0000,0.0100,3.4625
24/07/2020 00:00,0.0000,0.0100,3.2447
25/07/2020 00:00,0.0000,0.0100,3.5131
26/07/2020 00:00,0.0000,0.0100,3.4381
27/07/2020 00:00,0.0751,0.0100,3.6618
28/07/2020 00:00,0.0000,0.0100,3.5946
29/07/2020 00:00,0.0000,0.0100,3.6786
30/07/2020 00:00,0.0000,0.0100,3.7499
31/07/2020 00:00,0.0000,0.0100,3.8240
01/08/2020 00:00,0.0000,0.0100,3.8440
02/08/2020 00:00,0.0000,0.0100,3.9189
03/08/2020 00:00,0.0000,0.0100,3.8540
04/08/2020 00:00,0.0000,0.0100,3.7154
05/08/2020 00:00,0.8167,0.0100,2.8879
06/08/2020 00:00,0.0000,0.0100,2.5111
07/08/2020 00:00,0.0000,0.0100,2.4056
08/08/2020 00:00,0.0000,0.0100,2.5796
09/08/2020 00:00,0.0000,0.0100,2.8567
10/08/2020 00:00,0.0000,0.0100,3.2893
11/08/2020 00:00,0.0000,0.0100,3.5564
12/08/2020 00:00,0.0000,0.0100,3.7000
13/08/2020 00:00,0.0000,0.0100,3.8749
14/08/2020 00:00,0.0000,0.0100,3.7695
15/08/2020 00:00,0.0000,0.0100,3.7771
16/08/2020 00:00,0.8520,0.0100,3.8192
17/08/2020 00:00,2.2276,0.0100,4.0702
18/08/2020 00:00,0.5648,0.0100,4.3143
19/08/2020 00:00,0.2044,0.0100,4.4689
20/08/2020 00:00,0.0911,0.0100,4.6120
21/08/2020 00:00,0.0237,0.0100,4.1114
22/08/2020 00:00,0.0000,0.0100,3.8711
23/08/2020 00:00,0.2197,0.0100,3.7985
24/08/2020 00:00,0.0000,0.0100,3.7554
25/08/2020 00:00,0.1074,0.0100,3.7169
26/08/2020 00:00,0.0000,0.0100,3.8554
27/08/2020 00:00,0.0000,0.0100,3.9034
28/08/2020 00:00,0.0000,0.0100,3.8668
29/08/2020 00:00,0.0000,0.0100,3.9349
30/08/2020 00:00,0.0000,0.0100,4.2146
31/08/2020 00:00,0.2476,0.0100,4.6528
01/09/2020 00:00,0.0000,0.0100,4.2227
02/09/2020 00:00,0.0000,0.0100,4.2831
03/09/2020 00:00,0.0000,0.0100,4.4955
04/09/2020 00:00,0.0102,0.0100,4.5266
05/09/2020 00:00,9.2659,0.0100,4.4460
06/09/2020 00:00,0.0000,0.0100,4.8685
07/09/2020 00:00,0.0000,0.0100,4.8761
08/09/2020 00:00,0.0000,0.0100,5.2995
09/09/2020 00:00,0.0000,0.0100,5.6426
10/09/2020 00:00,0.0000,0.0100,5.7862
11/09/2020 00:00,0.0000,0.0100,5.7657
12/09/2020 00:00,0.0000,0.0100,5.8187
13/09/2020 00:00,0.0000,0.0100,5.9668
14/09/2020 00:00,0.0000,0.0100,6.1736
15/09/2020 00:00,0.0000,0.0100,5.9196
16/09/2020 00:00,0.0000,0.0100,5.9835
17/09/2020 00:00,0.0000,0.0100,6.4370
18/09/2020 00:00,0.0000,0.0100,6.4005
19/09/2020 00:00,0.0000,0.0100,6.8810
20/09/2020 00:00,0.0000,0.0100,7.0352
21/09/2020 00:00,0.0000,0.0100,7.0388
22/09/2020 00:00,0.5177,0.0100,7.2935
23/09/2020 00:00,0.3732,0.0100,7.4206
24/09/2020 00:00,0.0000,0.0100,7.3090
25/09/2020 00:00,0.0000,0.0100,7.2584
26/09/2020 00:00,2.9980,0.0100,7.1746
27/09/2020 00:00,0.0000,0.0100,6.6755
28/09/2020 00:00,0.0000,0.0100,6.3580
29/09/2020 00:00,0.0000,0.0100,6.5633
30/09/2020 00:00,0.0000,0.0100,6.8412
01/10/2020 00:00,0.0000,0.0100,7.0435
02/10/2020 00:00,0.0000,0.0100,6.9482
03/10/2020 00:00,0.0000,0.0100,7.3459
04/10/2020 00:00,0.6414,0.0100,7.9478
05/10/2020 00:00,12.7179,0.0100,8.0853
06/10/2020 00:00,3.9266,0.0100,7.9494
07/10/2020 00:00,1.1636,0.0100,8.8018
08/10/2020 00:00,0.4797,0.0100,8.8116
09/10/2020 00:00,12.0120,0.0100,8.3380
10/10/2020 00:00,5.7819,0.0100,8.5874
11/10/2020 00:00,1.7654,0.0100,8.8755
12/10/2020 00:00,0.8074,0.0100,9.0230
13/10/2020 00:00,0.4210,0.0100,9.1073
14/10/2020 00:00,0.2159,0.0100,9.4089
15/10/2020 00:00,0.1719,0.0100,9.6092
16/10/2020 00:00,0.2740,0.0100,9.2879
17/10/2020 00:00,0.0000,0.0100,9.1915
18/10/2020 00:00,2.6540,0.0100,8.6259
19/10/2020 00:00,2.0024,0.0100,8.8109
20/10/2020 00:00,0.7749,0.0100,9.3816
21/10/2020 00:00,0.3411,0.0100,10.0516
22/10/2020 00:00,0.1302,0.0100,9.6889
23/10/2020 00:00,0.0053,0.0100,9.6536
24/10/2020 00:00,0.1450,0.0100,9.7574
25/10/2020 00:00,0.0000,0.0100,10.0994
26/10/2020 00:00,0.0000,0.0100,9.5274
27/10/2020 00:00,0.0000,0.0100,9.4260
28/10/2020 00:00,0.0000,0.0100,9.7007
29/10/2020 00:00,0.0000,0.0100,9.7767
30/10/2020 00:00,0.3628,0.0100,10.4633
31/10/2020 00:00,0.0000,0.0100,10.7233
01/11/2020 00:00,0.0000,0.0100,11.6289
02/11/2020 00:00,0.0000,0.0100,11.6355
03/11/2020 00:00,0.0000,0.0100,12.3814
04/11/2020 00:00,0.0000,0.0100,12.5884
05/11/2020 00:00,0.0000,0.0100,12.7009
06/11/2020 00:00,0.0000,0.0100,12.2275
07/11/2020 00:00,0.0000,0.0100,11.6970
08/11/2020 00:00,0.0000,0.0100,11.0149
09/11/2020 00:00,0.0000,0.0100,12.2216
10/11/2020 00:00,0.0000,0.0100,12.2475
11/11/2020 00:00,0.0000,0.0100,13.5196
12/11/2020 00:00,0.0000,0.0100,13.3513
13/11/2020 00:00,0.0000,0.0100,13.6822
14/11/2020 00:00,0.0000,0.0100,13.4686
15/11/2020 00:00,0.0000,0.0100,13.5010
16/11/2020 00:00,0.0000,0.0100,13.4337
17/11/2020 00:00,0.0000,0.0100,13.2799
18/11/2020 00:00,0.0000,0.0100,13.3025
19/11/2020 00:00,0.0000,0.0100,14.6339
20/11/2020 00:00,0.0000,0.0100,14.0235
21/11/2020 00:00,0.0000,0.0100,14.2516
22/11/2020 00:00,0.0000,0.0100,14.4340
23/11/2020 00:00,0.0000,0.0100,14.4411
24/11/2020 00:00,0.0000,0.0100,14.3719
25/11/2020 00:00,0.0000,0.0100,14.8160
26/11/2020 00:00,0.0000,0.0100,15.0916
27/11/2020 00:00,0.0000,0.0100,14.9239
28/11/2020 00:00,0.0000,0.0100,14.7321
29/11/2020 00:00,2.1745,0.0100,14.9590
30/11/2020 00:00,0.0000,0.0100,14.2190
01/12/2020 00:00,0.0000,0.0100,14.4038
02/12/2020 00:00,0.2897,0.0100,13.9005
03/12/2020 00:00,0.0000,0.0100,13.4341
04/12/2020 00:00,0.0000,0.0100,13.1771
05/12/2020 00:00,0.0000,0.0100,13.4099
06/12/2020 00:00,0.0000,0.0100,12.9665
07/12/2020 00:00,0.0000,0.0100,12.6810
08/12/2020 00:00,0.0000,0.0100,12.3108
09/12/2020 00:00,0.0000,0.0100,11.7937
10/12/2020 00:00,0.0000,0.0100,12.7289
11/12/2020 00:00,0.0000,0.0100,12.2692
12/12/2020 00:00,0.0000,0.0100,13.4606
13/12/2020 00:00,0.0000,0.0100,14.0691
14/12/2020 00:00,0.0000,0.0100,14.4550
15/12/2020 00:00,0.0000,0.0100,14.7275
16/12/2020 00:00,0.0000,0.0100,15.4810
17/12/2020 00:00,0.0000,0.0100,14.7018
18/12/2020 00:00,0.4254,0.0100,14.7889
19/12/2020 00:00,0.0000,0.0100,14.8625
20/12/2020 00:00,0.8686,0.0100,14.3864
21/12/2020 00:00,0.0000,0.0100,14.0729
22/12/2020 00:00,0.2605,0.0100,14.2513
23/12/2020 00:00,0.0000,0.0100,14.3095
24/12/2020 00:00,0.0000,0.0100,14.2706
25/12/2020 00:00,0.0000,0.0100,13.7961
26/12/2020 00:00,0.0000,0.0100,13.9904
27/12/2020 00:00,0.0000,0.0100,13.6941
28/12/2020 00:00,0.0000,0.0100,13.8060
29/12/2020 00:00,0.0000,0.0100,14.1554
30/12/2020 00:00,0.0000,0.0100,14.2831
31/12/2020 00:00,0.0000,0.0100,15.5266
01/01/2021 00:00,0.0000,0.0100,14.8759
02/01/2021 00:00,0.0000,0.0100,15.3577
03/01/2021 00:00,0.0000,0.0100,15.4032
04/01/2021 00:00,4.8120,0.0100,15.2474
05/01/2021 00:00,0.0000,0.0100,14.7524
06/01/2021 00:00,0.0000,0.0100,14.9264
07/01/2021 00:00,0.0000,0.0100,14.8326
08/01/2021 00:00,0.0000,0.0100,15.4244
09/01/2021 00:00,0.0000,0.0100,16.5048
10/01/2021 00:00,0.0000,0.0100,17.7485
11/01/2021 00:00,0.0000,0.0100,18.4767
12/01/2021 00:00,0.2325,0.0100,18.0049
13/01/2021 00:00,0.0000,0.0100,17.9823
14/01/2021 00:00,1.5732,0.0100,17.8459
15/01/2021 00:00,0.0000,0.0100,17.2269
16/01/2021 00:00,0.0000,0.0100,16.0709
17/01/2021 00:00,0.0000,0.0100,14.8835
18/01/2021 00:00,0.0000,0.0100,13.9409
19/01/2021 00:00,0.0000,0.0100,14.0064
20/01/2021 00:00,0.0000,0.0100,13.0777
21/01/2021 00:00,0.0000,0.0100,13.8416
22/01/2021 00:00,0.0000,0.0100,15.3999
23/01/2021 00:00,0.0000,0.0100,14.7641
24/01/2021 00:00,0.0000,0.0100,16.4794
25/01/2021 00:00,0.0000,0.0100,16.9124
26/01/2021 00:00,8.9809,0.0100,16.5214
27/01/2021 00:00,0.0000,0.0100,16.5030
28/01/2021 00:00,0.0000,0.0100,15.4640
29/01/2021 00:00,0.0000,0.0100,15.4413
30/01/2021 00:00,2.4835,0.0100,14.7139
31/01/2021 00:00,0.0000,0.0100,15.1197
01/02/2021 00:00,0.0000,0.0100,14.9570
02/02/2021 00:00,0.0000,0.0100,14.9064
03/02/2021 00:00,0.0000,0.0100,14.9552
04/02/2021 00:00,0.0000,0.0100,14.8299
05/02/2021 00:00,0.0000,0.0100,15.2879
06/02/2021 00:00,14.6157,0.0100,15.6465
07/02/2021 00:00,4.3963,0.0100,15.5732
08/02/2021 00:00,1.1078,0.0100,15.2746
09/02/2021 00:00,0.4201,0.0100,14.9727
10/02/2021 00:00,0.1391,0.0100,14.7670
11/02/2021 00:00,0.0000,0.0100,16.5975
12/02/2021 00:00,18.2951,0.0100,15.3238
13/02/2021 00:00,2.8659,0.0100,15.3592
14/02/2021 00:00,0.8920,0.0100,15.5725
15/02/2021 00:00,0.4900,0.0100,16.4060
16/02/2021 00:00,0.1129,0.0100,16.2213
17/02/2021 00:00,0.0000,0.0100,16.6094
18/02/2021 00:00,0.0000,0.0100,16.4439
19/02/2021 00:00,0.0000,0.0100,16.4299
20/02/2021 00:00,0.0000,0.0100,16.5321
21/02/2021 00:00,0.0000,0.0100,17.3161
22/02/2021 00:00,0.0000,0.0100,17.1779
23/02/2021 00:00,0.0000,0.0100,16.2071
24/02/2021 00:00,0.0000,0.0100,15.4951
25/02/2021 00:00,0.0000,0.0100,15.8223
26/02/2021 00:00,0.0000,0.0100,14.7546
27/02/2021 00:00,0.0000,0.0100,14.3061
28/02/2021 00:00,0.0000,0.0100,14.7553
01/03/2021 00:00,0.0000,0.0100,16.2270
02/03/2021 00:00,0.3019,0.0100,14.4230
03/03/2021 00:00,0.0000,0.0100,13.3126
04/03/2021 00:00,0.0000,0.0100,13.0590
05/03/2021 00:00,0.0000,0.0100,13.4019
06/03/2021 00:00,0.0000,0.0100,12.3067
07/03/2021 00:00,0.0000,0.0100,12.5891
08/03/2021 00:00,0.0000,0.0100,13.1508
09/03/2021 00:00,0.0000,0.0100,12.9401
10/03/2021 00:00,0.0000,0.0100,12.8964
11/03/2021 00:00,0.0000,0.0100,13.0759
12/03/2021 00:00,0.0000,0.0100,14.1921
13/03/2021 00:00,0.0000,0.0100,13.9680
14/03/2021 00:00,0.0000,0.0100,13.5395
15/03/2021 00:00,0.0000,0.0100,12.7249
16/03/2021 00:00,0.0000,0.0100,13.2197
17/03/2021 00:00,0.0000,0.0100,13.3546
18/03/2021 00:00,0.0000,0.0100,13.5436
19/03/2021 00:00,0.0000,0.0100,13.4965
20/03/2021 00:00,0.0000,0.0100,13.9580
21/03/2021 00:00,0.0000,0.0100,14.4391
22/03/2021 00:00,0.0000,0.0100,14.1641
23/03/2021 00:00,0.0000,0.0100,13.9957
24/03/2021 00:00,1.5225,0.0100,14.0983
25/03/2021 00:00,1.5777,0.0100,14.0710
26/03/2021 00:00,0.4009,0.0100,13.7108
27/03/2021 00:00,0.1492,0.0100,13.4198
28/03/2021 00:00,0.7456,0.0100,13.1387
29/03/2021 00:00,0.3328,0.0100,12.7722
30/03/2021 00:00,0.1288,0.0100,11.6836
31/03/2021 00:00,0.0167,0.0100,12.1873
01/04/2021 00:00,0.0000,0.0100,13.0740
02/04/2021 00:00,0.0000,0.0100,12.9620
03/04/2021 00:00,0.0000,0.0100,13.0291
04/04/2021 00:00,0.0000,0.0100,13.1509
05/04/2021 00:00,0.0000,0.0100,12.8535
06/04/2021 00:00,0.0000,0.0100,13.0319
07/04/2021 00:00,0.0000,0.0100,13.8622
08/04/2021 00:00,0.0000,0.0100,13.6321
09/04/2021 00:00,0.0000,0.0100,12.9000
10/04/2021 00:00,0.0000,0.0100,11.9612
11/04/2021 00:00,0.0000,0.0100,11.3510
12/04/2021 00:00,0.0000,0.0100,10.2284
13/04/2021 00:00,0.0000,0.0100,9.9420
14/04/2021 00:00,0.0000,0.0100,9.8644
15/04/2021 00:00,0.0000,0.0100,10.0137
16/04/2021 00:00,0.0000,0.0100,9.4464
17/04/2021 00:00,0.0000,0.0100,9.1822
18/04/2021 00:00,0.0000,0.0100,9.1638
19/04/2021 00:00,0.0000,0.0100,9.1776
20/04/2021 00:00,0.0000,0.0100,9.3370
21/04/2021 00:00,0.0000,0.0100,8.6479
22/04/2021 00:00,0.0000,0.0100,8.5731
23/04/2021 00:00,0.0000,0.0100,8.2739
24/04/2021 00:00,0.0000,0.0100,7.5721
25/04/2021 00:00,0.0000,0.0100,7.9668
26/04/2021 00:00,0.0000,0.0100,7.8904
27/04/2021 00:00,0.0000,0.0100,7.7294
28/04/2021 00:00,0.0000,0.0100,8.0436
29/04/2021 00:00,0.0000,0.0100,7.9657
30/04/2021 00:00,1.9348,0.0100,8.2078
01/05/2021 00:00,0.0000,0.0100,8.4920
02/05/2021 00:00,0.0000,0.0100,8.6657
03/05/2021 00:00,0.2128,0.0100,8.8656
04/05/2021 00:00,0.0000,0.0100,8.8362
05/05/2021 00:00,0.0000,0.0100,8.6436
06/05/2021 00:00,0.0000,0.0100,8.8603
07/05/2021 00:00,0.0000,0.0100,8.7860
08/05/2021 00:00,0.0000,0.0100,8.9524
09/05/2021 00:00,0.0000,0.0100,8.7492
10/05/2021 00:00,0.1455,0.0100,8.4448
11/05/2021 00:00,0.0000,0.0100,8.1431
12/05/2021 00:00,0.0000,0.0100,7.9180
13/05/2021 00:00,1.1259,0.0100,7.8238
14/05/2021 00:00,0.0000,0.0100,7.4549
15/05/2021 00:00,0.0000,0.0100,6.7995
16/05/2021 00:00,0.0000,0.0100,6.1232
17/05/2021 00:00,0.0000,0.0100,6.1182
18/05/2021 00:00,0.0000,0.0100,5.6141
19/05/2021 00:00,0.0000,0.0100,5.6901
20/05/2021 00:00,0.0000,0.0100,6.0499
21/05/2021 00:00,0.0000,0.0100,6.1898
22/05/2021 00:00,0.0000,0.0100,5.9589
23/05/2021 00:00,0.0000,0.0100,5.9733
24/05/2021 00:00,0.0000,0.0100,6.1255
25/05/2021 00:00,0.0000,0.0100,6.0629
26/05/2021 00:00,4.2189,0.0100,6.2260
27/05/2021 00:00,1.7022,0.0100,5.8040
28/05/2021 00:00,0.1622,0.0100,5.3967
29/05/2021 00:00,0.0595,0.0100,4.5859
30/05/2021 00:00,0.0076,0.0100,4.3064
31/05/2021 00:00,0.0000,0.0100,4.6051
01/06/2021 00:00,0.0000,0.0100,4.5419
02/06/2021 00:00,0.0000,0.0100,4.4532
03/06/2021 00:00,0.0000,0.0100,5.0561
04/06/2021 00:00,0.0000,0.0100,5.1820
05/06/2021 00:00,0.0000,0.0100,4.5654
06/06/2021 00:00,0.0000,0.0100,4.2885
07/06/2021 00:00,0.0000,0.0100,4.3394
08/06/2021 00:00,3.8445,0.0100,4.6220
09/06/2021 00:00,6.9918,0.0100,4.8876
10/06/2021 00:00,3.1177,0.0100,4.8396
11/06/2021 00:00,4.6115,0.0100,4.8406
12/06/2021 00:00,4.3510,0.0100,5.1950
13/06/2021 00:00,2.1596,0.0100,5.3904
14/06/2021 00:00,1.0840,0.0100,5.5475
15/06/2021 00:00,0.6637,0.0100,5.7514
16/06/2021 00:00,0.4519,0.0100,5.7604
17/06/2021 00:00,0.4092,0.0100,5.7479
18/06/2021 00:00,3.6721,0.0100,5.7070
19/06/2021 00:00,1.8786,0.0100,5.7714
20/06/2021 00:00,0.8055,0.0100,5.7032
21/06/2021 00:00,0.5646,0.0100,5.5995
22/06/2021 00:00,0.4320,0.0100,5.4863
23/06/2021 00:00,0.2490,0.0100,5.3863
24/06/2021 00:00,2.8138,0.0100,5.2995
25/06/2021 00:00,1.9827,0.0100,5.3725
26/06/2021 00:00,0.9236,0.0100,5.3327
27/06/2021 00:00,2.1550,0.0100,5.2439
28/06/2021 00:00,0.3775,0.0100,4.9415
29/06/2021 00:00,0.2672,0.0100,4.8176
30/06/2021 00:00,0.1937,0.0100,4.7691
01/07/2021 00:00,5.6515,0.0100,4.7636
02/07/2021 00:00,4.1848,0.0100,4.8151
03/07/2021 00:00,14.2994,0.0100,4.9280
04/07/2021 00:00,4.5776,0.0100,4.9143
05/07/2021 00:00,1.6793,0.0100,4.7337
06/07/2021 00:00,0.9186,0.0100,4.4605
07/07/2021 00:00,0.5929,0.0100,4.3368
08/07/2021 00:00,0.4160,0.0100,3.9131
09/07/2021 00:00,0.3052,0.0100,3.9654
10/07/2021 00:00,0.2289,0.0100,3.7689
11/07/2021 00:00,0.1729,0.0100,4.1036
12/07/2021 00:00,0.2413,0.0100,3.9888
13/07/2021 00:00,0.4021,0.0100,4.1635
14/07/2021 00:00,0.0673,0.0100,4.1844
15/07/2021 00:00,0.0614,0.0100,4.2314
16/07/2021 00:00,4.0601,0.0100,4.3274
17/07/2021 00:00,4.3381,0.0100,4.3281
18/07/2021 00:00,1.6151,0.0100,4.2376
19/07/2021 00:00,0.8703,0.0100,4.1673
20/07/2021 00:00,0.5553,0.0100,4.1556
21/07/2021 00:00,0.3841,0.0100,3.8459
22/07/2021 00:00,0.2766,0.0100,3.6014
23/07/2021 00:00,0.3140,0.0100,3.6979
24/07/2021 00:00,0.1477,0.0100,3.6829
25/07/2021 00:00,0.4785,0.0100,3.6942
26/07/2021 00:00,0.4036,0.0100,3.0871
27/07/2021 00:00,0.5587,0.0100,3.3290
28/07/2021 00:00,17.6939,0.0100,3.6645
29/07/2021 00:00,6.9510,0.0100,3.8380
30/07/2021 00:00,4.6499,0.0100,3.3462
31/07/2021 00:00,3.7957,0.0100,3.4960
01/08/2021 00:00,6.8460,0.0100,3.6369
02/08/2021 00:00,2.4884,0.0100,3.6835
03/08/2021 00:00,1.1794,0.0100,3.6284
04/08/2021 00:00,0.7111,0.0100,3.6160
05/08/2021 00:00,0.4776,0.0100,3.6560
06/08/2021 00:00,0.3379,0.0100,3.5433
07/08/2021 00:00,0.2441,0.0100,3.8121
08/08/2021 00:00,0.1761,0.0100,3.7256
09/08/2021 00:00,0.1240,0.0100,3.6840
10/08/2021 00:00,0.0826,0.0100,3.8144
11/08/2021 00:00,0.1322,0.0100,4.1120
12/08/2021 00:00,6.7654,0.0100,4.1543
13/08/2021 00:00,2.2771,0.0100,4.0065
14/08/2021 00:00,1.0614,0.0100,4.3779
15/08/2021 00:00,0.6210,0.0100,4.1297
16/08/2021 00:00,1.2012,0.0100,4.2387
17/08/2021 00:00,0.5720,0.0100,3.4290
18/08/2021 00:00,0.6214,0.0100,3.4755
19/08/2021 00:00,0.4182,0.0100,3.5896
20/08/2021 00:00,0.2614,0.0100,3.8395
21/08/2021 00:00,0.5768,0.0100,4.0016
22/08/2021 00:00,0.6956,0.0100,4.2310
23/08/2021 00:00,26.2674,0.0100,4.5869
24/08/2021 00:00,3.1614,0.0100,4.5790
25/08/2021 00:00,1.4105,0.0100,4.4186
26/08/2021 00:00,0.6942,0.0100,4.2359
27/08/2021 00:00,0.4261,0.0100,4.2287
28/08/2021 00:00,0.2728,0.0100,4.2845
29/08/2021 00:00,0.1731,0.0100,4.3379
30/08/2021 00:00,0.3230,0.0100,4.3785
31/08/2021 00:00,1.8420,0.0100,4.6421
01/09/2021 00:00,1.6240,0.0100,4.9406
02/09/2021 00:00,0.9530,0.0100,4.7249
03/09/2021 00:00,0.4261,0.0100,5.5352
04/09/2021 00:00,2.4319,0.0100,5.6724
05/09/2021 00:00,1.2431,0.0100,5.7584
06/09/2021 00:00,0.6418,0.0100,5.7510
07/09/2021 00:00,0.3683,0.0100,5.7674
08/09/2021 00:00,0.2144,0.0100,5.5800
09/09/2021 00:00,0.1156,0.0100,5.7876
10/09/2021 00:00,0.0462,0.0100,5.8440
11/09/2021 00:00,0.2138,0.0100,5.2854
12/09/2021 00:00,0.9461,0.0100,5.6265
13/09/2021 00:00,0.0864,0.0100,5.8460
14/09/2021 00:00,0.0045,0.0100,5.4184
15/09/2021 00:00,0.0000,0.0100,5.7445
16/09/2021 00:00,0.0000,0.0100,6.5088
17/09/2021 00:00,0.0000,0.0100,6.2614
18/09/2021 00:00,0.4688,0.0100,6.1530
19/09/2021 00:00,0.0000,0.0100,6.3826
20/09/2021 00:00,0.0000,0.0100,6.1040
21/09/2021 00:00,0.0000,0.0100,6.0679
22/09/2021 00:00,0.0000,0.0100,5.6685
23/09/2021 00:00,0.0000,0.0100,6.3686
24/09/2021 00:00,0.0000,0.0100,6.2047
25/09/2021 00:00,0.0000,0.0100,5.9375
26/09/2021 00:00,0.0000,0.0100,5.2704
27/09/2021 00:00,0.0000,0.0100,6.0424
28/09/2021 00:00,0.0000,0.0100,6.0436
29/09/2021 00:00,0.0000,0.0100,6.6891
30/09/2021 00:00,0.0000,0.0100,6.8027
01/10/2021 00:00,1.9653,0.0100,6.8585
02/10/2021 00:00,0.0000,0.0100,6.8715
03/10/2021 00:00,0.3582,0.0100,7.2571
04/10/2021 00:00,0.0000,0.0100,8.0757
05/10/2021 00:00,0.0000,0.0100,7.9889
06/10/2021 00:00,0.0000,0.0100,8.0977
07/10/2021 00:00,4.8141,0.0100,8.3424
08/10/2021 00:00,0.0000,0.0100,8.0563
09/10/2021 00:00,0.0000,0.0100,7.9944
10/10/2021 00:00,0.0000,0.0100,8.1861
11/10/2021 00:00,0.0000,0.0100,7.7466
12/10/2021 00:00,0.0000,0.0100,7.9648
13/10/2021 00:00,0.0000,0.0100,8.0301
14/10/2021 00:00,4.2536,0.0100,8.0234
15/10/2021 00:00,8.6475,0.0100,8.1106
16/10/2021 00:00,4.4256,0.0100,8.5120
17/10/2021 00:00,1.4940,0.0100,8.3985
18/10/2021 00:00,0.6660,0.0100,8.7368
19/10/2021 00:00,0.4085,0.0100,8.7677
20/10/2021 00:00,0.1411,0.0100,8.5119
21/10/2021 00:00,0.0258,0.0100,8.6015
22/10/2021 00:00,0.0296,0.0100,8.9524
23/10/2021 00:00,1.5466,0.0100,9.3011
24/10/2021 00:00,13.3791,0.0100,9.1832
25/10/2021 00:00,3.4222,0.0100,8.9065
26/10/2021 00:00,1.2166,0.0100,8.6799
27/10/2021 00:00,0.5602,0.0100,9.4964
28/10/2021 00:00,0.2629,0.0100,9.6915
29/10/2021 00:00,20.4556,0.0100,10.0694
30/10/2021 00:00,9.7301,0.0100,9.0754
31/10/2021 00:00,2.8831,0.0100,8.8785
01/11/2021 00:00,1.0946,0.0100,9.4489
02/11/2021 00:00,0.5170,0.0100,9.8690
03/11/2021 00:00,0.2434,0.0100,10.2151
04/11/2021 00:00,0.0847,0.0100,10.4620
05/11/2021 00:00,0.0000,0.0100,10.5621
06/11/2021 00:00,0.0000,0.0100,11.2626
07/11/2021 00:00,1.3825,0.0100,11.1316
08/11/2021 00:00,0.0000,0.0100,11.4040
09/11/2021 00:00,0.0000,0.0100,12.1476
10/11/2021 00:00,0.0000,0.0100,12.1996
11/11/2021 00:00,0.0000,0.0100,11.6709
12/11/2021 00:00,0.0000,0.0100,11.4721
13/11/2021 00:00,0.0000,0.0100,11.2565
14/11/2021 00:00,0.0000,0.0100,11.1143
15/11/2021 00:00,0.0000,0.0100,10.7350
16/11/2021 00:00,0.0000,0.0100,9.8840
17/11/2021 00:00,0.0000,0.0100,9.4860
18/11/2021 00:00,0.0000,0.0100,10.7767
19/11/2021 00:00,0.0000,0.0100,10.1176
20/11/2021 00:00,0.0000,0.0100,10.4711
21/11/2021 00:00,0.0000,0.0100,10.6321
22/11/2021 00:00,0.0000,0.0100,11.5183
23/11/2021 00:00,0.0000,0.0100,11.7466
24/11/2021 00:00,0.0000,0.0100,12.3160
25/11/2021 00:00,0.0000,0.0100,13.1115
26/11/2021 00:00,0.0000,0.0100,12.9905
27/11/2021 00:00,0.0000,0.0100,12.4277
28/11/2021 00:00,0.0000,0.0100,12.9770
29/11/2021 00:00,0.0000,0.0100,14.5282
30/11/2021 00:00,0.0000,0.0100,15.1387
01/12/2021 00:00,0.0000,0.0100,15.0581
02/12/2021 00:00,0.0000,0.0100,15.1911
03/12/2021 00:00,0.0000,0.0100,15.5400
04/12/2021 00:00,0.0000,0.0100,14.9440
05/12/2021 00:00,0.0000,0.0100,14.2401
06/12/2021 00:00,0.0000,0.0100,14.5892
07/12/2021 00:00,0.0000,0.0100,14.1239
08/12/2021 00:00,0.0000,0.0100,13.9050
09/12/2021 00:00,0.0000,0.0100,13.6955
10/12/2021 00:00,0.0000,0.0100,14.1314
11/12/2021 00:00,0.0000,0.0100,14.0032
12/12/2021 00:00,0.0000,0.0100,13.4883
13/12/2021 00:00,0.0000,0.0100,14.2892
14/12/2021 00:00,0.0000,0.0100,14.9802
15/12/2021 00:00,0.0000,0.0100,15.8735
16/12/2021 00:00,0.0000,0.0100,15.0234
17/12/2021 00:00,0.0000,0.0100,15.7086
18/12/2021 00:00,0.0000,0.0100,15.8699
19/12/2021 00:00,0.0000,0.0100,16.3750
20/12/2021 00:00,0.0000,0.0100,15.6551
21/12/2021 00:00,0.0000,0.0100,14.6951
22/12/2021 00:00,0.0000,0.0100,14.5169
23/12/2021 00:00,0.0000,0.0100,14.4688
24/12/2021 00:00,0.0000,0.0100,15.2265
25/12/2021 00:00,0.0000,0.0100,15.8031
26/12/2021 00:00,0.0000,0.0100,16.0858
27/12/2021 00:00,0.0000,0.0100,14.9831
28/12/2021 00:00,0.0000,0.0100,14.6215
29/12/2021 00:00,0.0000,0.0100,14.9219
30/12/2021 00:00,0.0000,0.0100,15.9407
31/12/2021 00:00,0.0000,0.0100,16.1860
01/01/2022 00:00,0.0000,0.0100,16.6668
02/01/2022 00:00,0.0000,0.0100,16.6281
03/01/2022 00:00,0.1224,0.0100,16.8320
04/01/2022 00:00,0.0000,0.0100,17.2613
05/01/2022 00:00,0.0000,0.0100,16.8015
06/01/2022 00:00,0.0000,0.0100,16.2469
07/01/2022 00:00,22.0853,0.0100,15.9580
08/01/2022 00:00,8.5135,0.0100,16.2563
09/01/2022 00:00,2.3135,0.0100,16.3435
10/01/2022 00:00,0.9038,0.0100,16.6781
11/01/2022 00:00,0.3284,0.0100,17.0221
12/01/2022 00:00,0.0898,0.0100,17.4804
13/01/2022 00:00,0.0000,0.0100,16.8696
14/01/2022 00:00,0.0000,0.0100,17.6202
15/01/2022 00:00,0.0000,0.0100,17.0126
16/01/2022 00:00,0.0000,0.0100,17.4191
17/01/2022 00:00,0.0000,0.0100,18.0559
18/01/2022 00:00,0.0000,0.0100,18.6232
19/01/2022 00:00,0.0000,0.0100,17.8479
20/01/2022 00:00,0.0000,0.0100,17.7480
21/01/2022 00:00,0.0000,0.0100,18.0341
22/01/2022 00:00,0.0000,0.0100,19.8231
23/01/2022 00:00,0.0000,0.0100,20.0321
24/01/2022 00:00,0.0000,0.0100,20.4664
25/01/2022 00:00,0.0000,0.0100,21.1321
26/01/2022 00:00,0.0000,0.0100,20.2800
27/01/2022 00:00,0.0000,0.0100,19.7721
28/01/2022 00:00,0.0000,0.0100,18.6779
29/01/2022 00:00,0.0000,0.0100,19.1395
30/01/2022 00:00,0.0000,0.0100,18.8480
31/01/2022 00:00,0.0000,0.0100,19.1504
01/02/2022 00:00,0.0000,0.0100,19.5244
02/02/2022 00:00,0.0000,0.0100,18.9417
03/02/2022 00:00,0.0000,0.0100,17.8095
04/02/2022 00:00,0.0000,0.0100,17.2821
05/02/2022 00:00,0.0000,0.0100,17.4980
06/02/2022 00:00,0.0000,0.0100,17.2086
07/02/2022 00:00,0.0000,0.0100,18.0365
08/02/2022 00:00,0.0000,0.0100,18.9877
09/02/2022 00:00,0.0000,0.0100,18.4124
10/02/2022 00:00,0.0000,0.0100,18.3626
11/02/2022 00:00,0.0000,0.0100,18.2150
12/02/2022 00:00,0.0000,0.0100,17.6641
13/02/2022 00:00,0.0000,0.0100,17.8501
14/02/2022 00:00,0.0000,0.0100,17.0216
15/02/2022 00:00,0.0000,0.0100,17.4917
16/02/2022 00:00,0.0000,0.0100,17.8749
17/02/2022 00:00,0.2859,0.0100,17.5850
18/02/2022 00:00,0.0000,0.0100,16.6856
19/02/2022 00:00,0.0000,0.0100,15.6955
20/02/2022 00:00,0.0000,0.0100,16.4020
21/02/2022 00:00,0.0000,0.0100,16.0995
22/02/2022 00:00,0.0000,0.0100,14.9906
23/02/2022 00:00,0.0000,0.0100,15.2773
24/02/2022 00:00,0.0000,0.0100,15.7097
25/02/2022 00:00,0.0000,0.0100,15.5704
26/02/2022 00:00,0.0000,0.0100,15.8682
27/02/2022 00:00,0.0000,0.0100,15.9435
28/02/2022 00:00,0.0000,0.0100,15.9802
01/03/2022 00:00,9.3236,0.0100,16.0469
02/03/2022 00:00,0.0000,0.0100,15.9262
03/03/2022 00:00,0.0000,0.0100,15.8331
04/03/2022 00:00,0.0000,0.0100,16.1169
05/03/2022 00:00,0.0000,0.0100,15.9794
06/03/2022 00:00,5.0865,0.0100,16.0521
07/03/2022 00:00,0.0000,0.0100,15.6832
08/03/2022 00:00,0.0000,0.0100,16.3588
09/03/2022 00:00,0.0000,0.0100,15.2126
10/03/2022 00:00,0.0000,0.0100,14.9630
11/03/2022 00:00,0.0000,0.0100,14.6331
12/03/2022 00:00,0.0000,0.0100,14.5509
13/03/2022 00:00,0.0000,0.0100,14.8744
14/03/2022 00:00,0.0000,0.0100,14.8776
15/03/2022 00:00,0.0000,0.0100,15.0081
16/03/2022 00:00,0.0000,0.0100,14.9996
17/03/2022 00:00,0.0000,0.0100,14.5755
18/03/2022 00:00,0.0000,0.0100,14.8204
19/03/2022 00:00,0.0000,0.0100,14.7468
20/03/2022 00:00,0.0000,0.0100,14.8136
21/03/2022 00:00,0.0000,0.0100,14.5757
22/03/2022 00:00,0.0000,0.0100,14.5064
23/03/2022 00:00,0.0000,0.0100,14.2888
24/03/2022 00:00,0.0000,0.0100,13.4044
25/03/2022 00:00,0.0000,0.0100,13.5928
26/03/2022 00:00,0.0000,0.0100,13.8108
27/03/2022 00:00,0.0000,0.0100,14.2566
28/03/2022 00:00,0.0000,0.0100,13.7454
29/03/2022 00:00,0.0000,0.0100,13.7876
30/03/2022 00:00,0.0000,0.0100,14.1450
31/03/2022 00:00,0.3309,0.0100,13.8253
01/04/2022 00:00,0.0000,0.0100,13.2719
02/04/2022 00:00,0.0000,0.0100,12.8042
03/04/2022 00:00,0.0000,0.0100,12.5744
04/04/2022 00:00,0.3444,0.0100,12.5505
05/04/2022 00:00,0.0000,0.0100,12.8209
06/04/2022 00:00,0.0000,0.0100,12.7389
07/04/2022 00:00,0.0000,0.0100,13.0017
08/04/2022 00:00,0.0000,0.0100,12.6139
09/04/2022 00:00,0.0000,0.0100,12.5494
10/04/2022 00:00,0.4579,0.0100,12.3346
11/04/2022 00:00,0.0000,0.0100,12.5391
12/04/2022 00:00,0.0000,0.0100,11.7631
13/04/2022 00:00,0.0000,0.0100,11.1679
14/04/2022 00:00,0.0000,0.0100,12.0299
15/04/2022 00:00,0.0000,0.0100,12.0060
16/04/2022 00:00,0.0000,0.0100,11.7172
17/04/2022 00:00,0.0000,0.0100,11.6699
18/04/2022 00:00,0.0000,0.0100,11.8936
19/04/2022 00:00,0.0000,0.0100,11.8170
20/04/2022 00:00,0.0000,0.0100,11.6545
21/04/2022 00:00,1.0621,0.0100,11.2814
22/04/2022 00:00,0.0000,0.0100,10.3012
23/04/2022 00:00,0.0000,0.0100,10.3711
24/04/2022 00:00,0.0000,0.0100,10.2760
25/04/2022 00:00,0.0000,0.0100,10.3194
26/04/2022 00:00,0.0000,0.0100,10.4265
27/04/2022 00:00,0.0000,0.0100,10.5085
28/04/2022 00:00,6.2727,0.0100,10.5305
29/04/2022 00:00,0.0000,0.0100,10.8944
30/04/2022 00:00,2.2783,0.0100,10.9876
01/05/2022 00:00,0.4339,0.0100,10.6163
02/05/2022 00:00,0.1379,0.0100,10.5687
03/05/2022 00:00,0.0202,0.0100,10.6191
04/05/2022 00:00,0.6315,0.0100,10.4726
05/05/2022 00:00,0.0507,0.0100,10.0700
06/05/2022 00:00,4.0004,0.0100,9.9172
07/05/2022 00:00,4.3824,0.0100,9.2223
08/05/2022 00:00,2.5989,0.0100,8.4938
09/05/2022 00:00,1.0970,0.0100,8.4005
10/05/2022 00:00,0.5913,0.0100,8.4545
11/05/2022 00:00,0.3623,0.0100,8.3555
12/05/2022 00:00,0.2338,0.0100,8.4990
13/05/2022 00:00,0.1521,0.0100,8.6199
14/05/2022 00:00,0.0957,0.0100,8.6230
15/05/2022 00:00,0.0746,0.0100,8.7765
16/05/2022 00:00,1.8858,0.0100,8.8212
17/05/2022 00:00,0.8683,0.0100,8.2224
18/05/2022 00:00,1.1040,0.0100,7.9277
19/05/2022 00:00,0.2877,0.0100,7.1593
20/05/2022 00:00,0.1798,0.0100,6.2834
21/05/2022 00:00,0.1111,0.0100,6.5115
22/05/2022 00:00,0.0642,0.0100,6.6780
23/05/2022 00:00,0.0303,0.0100,6.5065
24/05/2022 00:00,0.0048,0.0100,6.4887
25/05/2022 00:00,0.0000,0.0100,6.5156
26/05/2022 00:00,0.0000,0.0100,6.4173
27/05/2022 00:00,0.6817,0.0100,6.4750
28/05/2022 00:00,0.0000,0.0100,6.6534
29/05/2022 00:00,0.0000,0.0100,6.5812
30/05/2022 00:00,0.0000,0.0100,6.5542
31/05/2022 00:00,0.0000,0.0100,6.4828
01/06/2022 00:00,0.0000,0.0100,6.1244
02/06/2022 00:00,0.0000,0.0100,5.9005
03/06/2022 00:00,0.0000,0.0100,5.5209
04/06/2022 00:00,1.2760,0.0100,5.4665
05/06/2022 00:00,0.0000,0.0100,5.4009
06/06/2022 00:00,4.2175,0.0100,5.1436
07/06/2022 00:00,2.4548,0.0100,4.6431
08/06/2022 00:00,1.1663,0.0100,4.0345
09/06/2022 00:00,0.7002,0.0100,4.1353
10/06/2022 00:00,0.4718,0.0100,3.5839
11/06/2022 00:00,0.3285,0.0100,3.2439
12/06/2022 00:00,0.3616,0.0100,3.1854
13/06/2022 00:00,0.3015,0.0100,2.4577
14/06/2022 00:00,0.3715,0.0100,2.5919
15/06/2022 00:00,0.2627,0.0100,2.7960
16/06/2022 00:00,0.3801,0.0100,2.7681
17/06/2022 00:00,0.2826,0.0100,2.7784
18/06/2022 00:00,0.1988,0.0100,2.9361
19/06/2022 00:00,0.1483,0.0100,3.1021
20/06/2022 00:00,0.1054,0.0100,3.2542
21/06/2022 00:00,0.8429,0.0100,3.5718
22/06/2022 00:00,1.4670,0.0100,3.6934
23/06/2022 00:00,0.7546,0.0100,3.7155
24/06/2022 00:00,0.5224,0.0100,3.8929
25/06/2022 00:00,0.4595,0.0100,4.0179
26/06/2022 00:00,0.3065,0.0100,3.8494
27/06/2022 00:00,0.2129,0.0100,3.2336
28/06/2022 00:00,0.1506,0.0100,2.9998
29/06/2022 00:00,0.1060,0.0100,3.3721
30/06/2022 00:00,0.0725,0.0100,3.4423
01/07/2022 00:00,0.0464,0.0100,3.5314
02/07/2022 00:00,0.0254,0.0100,3.3169
03/07/2022 00:00,0.0081,0.0100,3.3411
04/07/2022 00:00,0.0000,0.0100,3.1405
05/07/2022 00:00,0.0000,0.0100,3.2530
06/07/2022 00:00,0.0000,0.0100,3.3905
07/07/2022 00:00,0.1544,0.0100,3.6276
08/07/2022 00:00,0.6135,0.0100,3.5491
09/07/2022 00:00,0.0835,0.0100,3.5155
10/07/2022 00:00,0.0000,0.0100,3.5831
11/07/2022 00:00,0.0000,0.0100,3.6187
12/07/2022 00:00,0.6238,0.0100,3.6119
13/07/2022 00:00,0.0613,0.0100,3.6402
14/07/2022 00:00,0.0000,0.0100,3.6396
15/07/2022 00:00,0.0000,0.0100,3.3446
16/07/2022 00:00,0.0000,0.0100,3.5510
17/07/2022 00:00,4.9540,0.0100,3.4479
18/07/2022 00:00,0.3210,0.0100,3.5009
19/07/2022 00:00,0.1832,0.0100,2.6361
20/07/2022 00:00,0.0959,0.0100,2.6625
21/07/2022 00:00,0.0441,0.0100,2.7001
22/07/2022 00:00,0.0097,0.0100,2.7129
23/07/2022 00:00,2.0061,0.0100,2.9689
24/07/2022 00:00,2.5673,0.0100,3.2740
25/07/2022 00:00,1.0710,0.0100,3.4360
26/07/2022 00:00,3.8895,0.0100,3.6424
27/07/2022 00:00,1.2371,0.0100,3.9337
28/07/2022 00:00,1.2314,0.0100,4.3194
29/07/2022 00:00,0.3326,0.0100,3.8629
30/07/2022 00:00,0.2080,0.0100,3.3075
31/07/2022 00:00,0.1314,0.0100,3.2771
01/08/2022 00:00,5.6878,0.0100,3.3495
02/08/2022 00:00,2.0581,0.0100,3.3904
03/08/2022 00:00,1.7432,0.0100,3.3749
04/08/2022 00:00,9.1931,0.0100,3.5642
05/08/2022 00:00,5.4239,0.0100,3.8686
06/08/2022 00:00,3.9481,0.0100,4.0057
07/08/2022 00:00,1.5950,0.0100,3.8399
08/08/2022 00:00,0.8786,0.0100,3.8509
09/08/2022 00:00,0.5636,0.0100,3.8914
10/08/2022 00:00,0.3884,0.0100,4.0424
11/08/2022 00:00,0.2762,0.0100,3.9639
12/08/2022 00:00,0.2631,0.0100,3.9232
13/08/2022 00:00,0.2156,0.0100,4.1602
14/08/2022 00:00,0.2833,0.0100,4.3219
15/08/2022 00:00,10.7922,0.0100,4.4985
16/08/2022 00:00,5.5080,0.0100,4.4764
17/08/2022 00:00,2.0980,0.0100,4.8018
18/08/2022 00:00,1.5474,0.0100,4.9361
19/08/2022 00:00,4.6256,0.0100,5.1348
20/08/2022 00:00,1.8619,0.0100,4.9486
21/08/2022 00:00,0.8870,0.0100,4.8355
22/08/2022 00:00,0.6269,0.0100,4.6649
23/08/2022 00:00,2.8156,0.0100,4.4408
24/08/2022 00:00,1.3069,0.0100,4.0249
25/08/2022 00:00,0.7051,0.0100,4.1870
26/08/2022 00:00,0.4332,0.0100,4.6851
27/08/2022 00:00,0.2792,0.0100,4.9954
28/08/2022 00:00,0.1793,0.0100,4.9704
29/08/2022 00:00,0.1085,0.0100,5.1699
30/08/2022 00:00,0.0551,0.0100,5.6494
31/08/2022 00:00,0.0131,0.0100,5.6718
01/09/2022 00:00,0.0000,0.0100,5.5226
02/09/2022 00:00,0.0000,0.0100,5.8965
03/09/2022 00:00,0.0000,0.0100,5.7479
04/09/2022 00:00,0.0000,0.0100,5.9233
05/09/2022 00:00,0.6832,0.0100,5.9736
06/09/2022 00:00,0.0000,0.0100,6.0246
07/09/2022 00:00,0.0000,0.0100,6.4640
08/09/2022 00:00,0.0000,0.0100,6.5809
09/09/2022 00:00,14.0095,0.0100,6.3505
10/09/2022 00:00,0.8286,0.0100,6.8565
11/09/2022 00:00,0.3343,0.0100,6.7496
12/09/2022 00:00,0.1249,0.0100,6.7896
13/09/2022 00:00,0.0143,0.0100,5.9349
14/09/2022 00:00,0.0000,0.0100,6.1076
15/09/2022 00:00,0.0000,0.0100,5.8641
16/09/2022 00:00,0.0000,0.0100,5.8496
17/09/2022 00:00,0.1561,0.0100,5.8410
18/09/2022 00:00,1.2664,0.0100,5.8684
19/09/2022 00:00,0.5272,0.0100,5.8179
20/09/2022 00:00,0.1773,0.0100,6.0600
21/09/2022 00:00,0.0267,0.0100,6.4479
22/09/2022 00:00,0.0000,0.0100,6.8731
23/09/2022 00:00,0.0000,0.0100,7.4804
24/09/2022 00:00,1.7556,0.0100,7.6199
25/09/2022 00:00,0.0000,0.0100,7.4037
26/09/2022 00:00,0.0000,0.0100,7.5127
27/09/2022 00:00,0.0000,0.0100,7.8152
28/09/2022 00:00,0.0000,0.0100,7.9938
29/09/2022 00:00,0.0000,0.0100,7.9229
30/09/2022 00:00,0.6292,0.0100,7.5640
01/10/2022 00:00,0.0000,0.0100,7.8376
02/10/2022 00:00,0.0000,0.0100,7.8124
03/10/2022 00:00,0.0000,0.0100,8.4569
04/10/2022 00:00,0.0000,0.0100,8.4610
05/10/2022 00:00,0.0000,0.0100,8.4251
06/10/2022 00:00,0.0000,0.0100,7.9013
07/10/2022 00:00,7.0661,0.0100,7.8831
08/10/2022 00:00,2.4783,0.0100,8.2543
09/10/2022 00:00,0.5960,0.0100,8.2366
10/10/2022 00:00,0.1702,0.0100,8.3735
11/10/2022 00:00,0.0000,0.0100,8.7256
12/10/2022 00:00,0.0000,0.0100,8.8859
13/10/2022 00:00,16.8293,0.0100,8.8749
14/10/2022 00:00,101.3627,0.0100,8.9883
15/10/2022 00:00,5.9491,0.0100,9.0205
16/10/2022 00:00,1.7333,0.0100,9.0084
17/10/2022 00:00,0.8017,0.0100,9.1324
18/10/2022 00:00,0.6444,0.0100,9.3421
19/10/2022 00:00,0.2171,0.0100,9.5085
20/10/2022 00:00,0.0890,0.0100,10.2651
21/10/2022 00:00,0.0001,0.0100,10.6210
22/10/2022 00:00,29.3032,0.0100,10.5506
23/10/2022 00:00,9.3839,0.0100,10.6410
24/10/2022 00:00,2.1067,0.0100,10.1158
25/10/2022 00:00,1.1470,0.0100,9.8946
26/10/2022 00:00,9.4210,0.0100,9.9530
27/10/2022 00:00,2.3091,0.0100,10.1233
28/10/2022 00:00,6.7416,0.0100,10.1639
29/10/2022 00:00,4.5921,0.0100,10.3387
30/10/2022 00:00,1.3757,0.0100,10.1164
31/10/2022 00:00,0.9871,0.0100,9.8902
01/11/2022 00:00,2.8314,0.0100,10.3541
02/11/2022 00:00,0.9407,0.0100,10.2801
03/11/2022 00:00,0.4038,0.0100,9.5922
04/11/2022 00:00,0.1614,0.0100,9.6989
05/11/2022 00:00,0.0219,0.0100,10.2700
06/11/2022 00:00,0.0000,0.0100,10.9281
07/11/2022 00:00,0.0000,0.0100,11.3451
08/11/2022 00:00,0.0000,0.0100,12.6319
09/11/2022 00:00,0.0000,0.0100,14.0666
10/11/2022 00:00,0.0000,-1249.8659,13.8235
11/11/2022 00:00,0.9090,0.0192,12.6482
12/11/2022 00:00,0.0000,0.0201,13.8837
13/11/2022 00:00,0.0000,-1249.8600,13.1790
14/11/2022 00:00,0.0000,0.0172,12.9065
15/11/2022 00:00,0.0546,0.0159,12.2861
16/11/2022 00:00,0.0338,0.0161,11.4096
17/11/2022 00:00,0.0000,0.0154,10.8677
18/11/2022 00:00,0.0000,0.0166,10.8491
19/11/2022 00:00,0.0000,0.0166,11.4058
20/11/2022 00:00,9.2902,0.0162,11.2442
21/11/2022 00:00,1.0258,0.0166,11.5511
22/11/2022 00:00,0.1980,0.0160,10.7186
23/11/2022 00:00,0.0000,0.0159,10.5779
24/11/2022 00:00,0.0000,0.0155,10.3774
25/11/2022 00:00,0.0000,0.0168,10.7259
26/11/2022 00:00,0.0000,0.0163,10.5388
27/11/2022 00:00,3.0879,0.0165,10.6023
28/11/2022 00:00,0.0000,0.0167,10.6761
29/11/2022 00:00,0.0000,-2499.7381,10.4979
30/11/2022 00:00,0.0000,0.0169,10.4967
01/12/2022 00:00,0.0000,0.0170,10.9107
02/12/2022 00:00,0.0000,0.0163,11.5882
03/12/2022 00:00,0.0000,0.0171,11.9209
04/12/2022 00:00,0.0000,0.0182,14.6950
05/12/2022 00:00,0.0000,0.0177,14.7857
06/12/2022 00:00,0.0000,0.0173,13.0815
07/12/2022 00:00,0.0000,0.0178,12.5455
08/12/2022 00:00,0.0000,0.0178,12.8425
09/12/2022 00:00,0.0000,0.0170,11.8610
10/12/2022 00:00,0.0000,0.0195,11.8311
11/12/2022 00:00,0.0000,0.0170,12.1656
12/12/2022 00:00,0.1692,0.0176,11.9058
13/12/2022 00:00,0.1586,0.0168,11.8441
14/12/2022 00:00,0.7886,0.0173,11.7503
15/12/2022 00:00,0.0000,0.0183,11.3398
16/12/2022 00:00,0.0000,0.0181,10.8657
17/12/2022 00:00,0.0000,0.0182,11.0412
18/12/2022 00:00,0.0000,0.0187,11.1364
19/12/2022 00:00,0.0000,0.0193,12.2063
20/12/2022 00:00,0.0000,0.0179,12.5312
21/12/2022 00:00,0.0000,0.0190,13.6739
22/12/2022 00:00,0.0000,0.0190,15.2210
23/12/2022 00:00,0.0000,0.0196,15.8007
24/12/2022 00:00,0.0000,0.0198,15.8296
25/12/2022 00:00,0.0000,0.0190,15.5232
26/12/2022 00:00,0.0000,0.0201,17.1350
27/12/2022 00:00,0.0000,0.0195,16.9892
28/12/2022 00:00,0.0000,0.0204,17.8811
29/12/2022 00:00,0.0000,0.0201,16.5811
30/12/2022 00:00,0.0000,0.0208,16.5494
31/12/2022 00:00,1.1217,0.0199,16.4879
01/01/2023 00:00,0.0000,0.0201,16.7225
02/01/2023 00:00,0.0000,0.0201,16.6513
03/01/2023 00:00,0.0000,0.0214,17.1451
04/01/2023 00:00,0.9530,0.0203,16.6180
05/01/2023 00:00,0.0000,0.0202,16.4534
06/01/2023 00:00,0.0000,0.0194,16.2217
07/01/2023 00:00,0.0000,0.0190,16.3371
08/01/2023 00:00,0.0000,0.0188,16.5196
09/01/2023 00:00,0.0000,0.0194,17.4890
10/01/2023 00:00,0.0000,0.0194,17.1820
11/01/2023 00:00,0.0000,0.0183,17.5665
12/01/2023 00:00,0.0000,0.0185,18.4964
13/01/2023 00:00,0.0000,0.0184,19.4805
14/01/2023 00:00,0.0000,0.0182,21.0502
15/01/2023 00:00,0.0000,0.0179,19.8230
16/01/2023 00:00,0.0000,0.0159,19.4524
17/01/2023 00:00,0.0000,0.0173,19.7243
18/01/2023 00:00,0.0000,0.0168,19.1438
19/01/2023 00:00,0.0000,0.0164,18.8117
20/01/2023 00:00,0.0000,0.0158,17.5946
21/01/2023 00:00,0.0000,0.0154,17.7579
22/01/2023 00:00,0.1357,0.0153,18.2044
23/01/2023 00:00,0.0000,0.0149,17.8819
24/01/2023 00:00,0.0000,0.0147,18.0155
25/01/2023 00:00,0.0000,0.0148,19.2848
26/01/2023 00:00,0.0000,0.0145,18.5363
27/01/2023 00:00,0.0000,0.0140,17.4909
28/01/2023 00:00,0.0000,0.0137,17.5520
29/01/2023 00:00,0.0000,0.0137,17.3026
30/01/2023 00:00,0.0000,0.0132,17.1902
31/01/2023 00:00,0.0000,0.0134,18.6387
01/02/2023 00:00,0.0000,0.0133,18.6109
02/02/2023 00:00,0.0000,0.0129,17.6061
03/02/2023 00:00,0.0000,0.0124,16.7445
04/02/2023 00:00,0.0000,0.0121,16.5991
05/02/2023 00:00,0.0000,0.0117,15.5581
06/02/2023 00:00,0.0000,0.0117,15.9370
07/02/2023 00:00,0.0000,0.0116,15.9215
08/02/2023 00:00,0.0000,0.0115,16.0007
09/02/2023 00:00,0.0000,0.0113,16.0735
10/02/2023 00:00,3.6717,0.0120,16.0554
11/02/2023 00:00,0.0000,0.0119,15.7917
12/02/2023 00:00,0.0000,0.0123,17.1597
13/02/2023 00:00,0.0000,0.0119,16.2100
14/02/2023 00:00,0.0000,0.0116,15.7603
15/02/2023 00:00,0.0000,0.0115,16.1387
16/02/2023 00:00,0.0000,0.0115,16.0373
17/02/2023 00:00,0.0000,0.0115,16.0216
18/02/2023 00:00,0.0000,0.0117,16.5659
19/02/2023 00:00,0.0000,0.0116,16.6876
20/02/2023 00:00,0.0000,0.0115,16.8086
21/02/2023 00:00,0.0000,0.0113,16.5322
22/02/2023 00:00,0.0000,0.0110,16.1193
23/02/2023 00:00,0.0000,0.0109,15.9446
24/02/2023 00:00,0.0000,0.0109,15.8487
25/02/2023 00:00,0.0000,0.0110,16.1656
26/02/2023 00:00,1.7084,0.0109,16.3696
27/02/2023 00:00,0.2147,0.0108,16.1713
28/02/2023 00:00,0.0000,0.0107,16.3069
01/03/2023 00:00,0.0000,0.0107,16.1811
02/03/2023 00:00,0.0000,0.0106,16.0330
03/03/2023 00:00,0.0000,0.0106,16.0271
04/03/2023 00:00,0.0000,0.0104,15.8671
05/03/2023 00:00,1.2627,0.0105,15.9472
06/03/2023 00:00,0.7388,0.0105,16.1717
07/03/2023 00:00,0.0265,0.0104,15.8606
08/03/2023 00:00,0.9159,0.0103,14.4512
09/03/2023 00:00,0.0000,0.0102,13.5706
10/03/2023 00:00,0.0000,0.0102,13.1677
11/03/2023 00:00,0.0000,0.0102,13.7900
12/03/2023 00:00,0.0000,0.0102,14.2128
13/03/2023 00:00,0.0000,0.0102,14.2286
14/03/2023 00:00,0.0000,0.0103,14.4409
15/03/2023 00:00,0.0000,0.0103,14.3379
16/03/2023 00:00,0.0000,0.0103,14.7375
17/03/2023 00:00,0.0000,0.0103,13.9212
18/03/2023 00:00,0.0000,0.0103,13.7380
19/03/2023 00:00,0.0000,0.0103,13.7813
20/03/2023 00:00,0.0000,0.0103,13.4514
21/03/2023 00:00,0.0000,0.0103,13.0555
22/03/2023 00:00,0.0000,0.0103,12.9402
23/03/2023 00:00,0.0000,0.0103,13.2730
24/03/2023 00:00,0.0000,0.0103,13.1345
25/03/2023 00:00,0.0000,0.0103,13.2970
26/03/2023 00:00,0.0000,0.0103,13.7560
27/03/2023 00:00,0.0000,0.0103,13.6265
28/03/2023 00:00,8.9019,0.0103,13.3666
29/03/2023 00:00,0.0000,0.0103,13.3201
30/03/2023 00:00,1.1051,0.0103,13.1931
31/03/2023 00:00,0.0000,0.0103,12.1792
01/04/2023 00:00,0.0000,0.0103,11.8211
02/04/2023 00:00,0.0000,0.0103,11.0290
03/04/2023 00:00,0.0000,0.0103,11.4034
04/04/2023 00:00,0.0000,0.0103,12.0683
05/04/2023 00:00,0.0000,0.0103,11.8258
06/04/2023 00:00,0.0000,0.0103,12.0384
07/04/2023 00:00,0.0000,0.0103,12.1154
08/04/2023 00:00,0.0000,0.0103,12.0403
09/04/2023 00:00,0.0000,0.0103,11.2187
10/04/2023 00:00,0.0000,0.0103,10.4786
11/04/2023 00:00,0.0000,0.0104,10.0808
12/04/2023 00:00,0.0000,0.0103,10.3054
13/04/2023 00:00,1.2198,0.0103,10.8252
14/04/2023 00:00,0.0000,0.0103,10.6776
15/04/2023 00:00,0.0000,0.0104,10.7083
16/04/2023 00:00,8.7556,0.0104,10.3411
17/04/2023 00:00,0.0000,0.0103,9.9335
18/04/2023 00:00,0.0000,0.0103,10.2531
19/04/2023 00:00,1.5755,0.0103,10.3333
20/04/2023 00:00,0.0000,0.0104,9.8349
21/04/2023 00:00,0.0000,0.0103,9.8402
22/04/2023 00:00,0.0000,0.0104,10.1425
23/04/2023 00:00,0.0000,0.0103,10.2964
24/04/2023 00:00,0.0000,0.0103,10.2110
25/04/2023 00:00,0.0000,0.0103,10.1992
26/04/2023 00:00,0.0000,0.0103,10.1485
27/04/2023 00:00,0.0000,0.0103,10.3138
28/04/2023 00:00,0.0000,0.0103,10.2034
29/04/2023 00:00,0.0000,0.0104,10.0018
30/04/2023 00:00,0.0000,0.0103,9.6128
01/05/2023 00:00,0.0000,0.0103,9.8874
02/05/2023 00:00,0.0000,0.0104,9.6089
03/05/2023 00:00,0.0000,0.0104,9.5278
04/05/2023 00:00,0.0000,0.0103,9.1272
05/05/2023 00:00,0.0000,0.0104,8.9582
06/05/2023 00:00,0.0000,0.0104,8.5826
07/05/2023 00:00,0.0000,0.0104,8.2971
08/05/2023 00:00,0.0000,0.0104,7.6119
09/05/2023 00:00,0.0000,0.0104,7.3120
10/05/2023 00:00,0.0000,0.0104,7.4887
11/05/2023 00:00,0.0000,0.0104,7.4176
12/05/2023 00:00,0.0000,0.0104,7.3523
13/05/2023 00:00,0.0000, NaN, NaN
14/05/2023 00:00,0.0000, NaN, NaN
15/05/2023 00:00,0.0000, NaN, NaN
16/05/2023 00:00,0.0000, NaN, NaN
17/05/2023 00:00,0.0000, NaN, NaN
18/05/2023 00:00,0.0000, NaN, NaN
19/05/2023 00:00,0.0000, NaN, NaN
20/05/2023 00:00,0.0000, NaN, NaN
21/05/2023 00:00,0.0000, NaN, NaN
22/05/2023 00:00,0.0000, NaN, NaN
23/05/2023 00:00,0.0000, NaN, NaN
24/05/2023 00:00,0.0000, NaN, NaN
25/05/2023 00:00,0.0000, NaN, NaN
26/05/2023 00:00,0.0000, NaN, NaN
27/05/2023 00:00,0.0000, NaN, NaN
28/05/2023 00:00,0.0000, NaN, NaN
29/05/2023 00:00,0.0000, NaN, NaN
30/05/2023 00:00,0.0000, NaN, NaN
31/05/2023 00:00,0.0000, NaN, NaN
01/06/2023 00:00,0.0000, NaN, NaN
02/06/2023 00:00,0.0000, NaN, NaN
03/06/2023 00:00,0.0000, NaN, NaN
04/06/2023 00:00,0.0000, NaN, NaN
05/06/2023 00:00,0.0000, NaN, NaN
06/06/2023 00:00,0.0501, NaN, NaN
07/06/2023 00:00,0.1503, NaN, NaN
08/06/2023 00:00,3.7928, NaN, NaN
09/06/2023 00:00,5.0483, NaN, NaN
10/06/2023 00:00,1.8185, NaN, NaN
11/06/2023 00:00,0.9672, NaN, NaN
12/06/2023 00:00,0.5587, NaN, NaN
13/06/2023 00:00,0.3524, NaN, NaN
14/06/2023 00:00,1.2735, NaN, NaN
15/06/2023 00:00,0.9399, NaN, NaN
16/06/2023 00:00,0.5208, NaN, NaN
17/06/2023 00:00,1.4298, NaN, NaN
18/06/2023 00:00,2.8754, NaN, NaN
19/06/2023 00:00,2.7344, NaN, NaN
20/06/2023 00:00,1.9822, NaN, NaN
21/06/2023 00:00,1.0871, NaN, NaN
22/06/2023 00:00,0.6647,0.0103,3.9474
23/06/2023 00:00,3.9783,0.0105,4.1856
24/06/2023 00:00,8.0243,0.0104,4.2699
25/06/2023 00:00,2.3078,0.0104,4.3792
26/06/2023 00:00,1.9416,0.0104,4.2601
27/06/2023 00:00,1.0754,0.0104,4.2582
28/06/2023 00:00,0.6664,0.0105,4.3159
29/06/2023 00:00,0.4612,0.0102,3.8540
30/06/2023 00:00,0.3473,0.0101,3.6874
01/07/2023 00:00,0.2638,0.0103,3.7480
02/07/2023 00:00,0.2129,0.0103,3.7035
03/07/2023 00:00,0.1621,0.0103,3.7488
04/07/2023 00:00,0.1225,0.0102,3.5512
05/07/2023 00:00,0.0908,0.0103,3.7781
06/07/2023 00:00,0.0648,0.0104,3.8140
07/07/2023 00:00,0.1266,0.0103,3.9306
08/07/2023 00:00,0.1639,0.0103,3.9617
09/07/2023 00:00,4.2155,0.0101,3.8326
10/07/2023 00:00,4.6741,0.0100,3.7125
11/07/2023 00:00,2.1166,0.0103,3.9964
12/07/2023 00:00,1.1593,0.0102,3.7965
13/07/2023 00:00,0.7034,0.0103,4.1874
14/07/2023 00:00,0.4764,0.0101,4.1592
15/07/2023 00:00,0.4256,0.0101,4.2052
16/07/2023 00:00,0.2526,0.0104,4.0176
17/07/2023 00:00,0.1887,0.0103,4.0184
18/07/2023 00:00,0.1403,0.0103,4.1934
19/07/2023 00:00,0.1195,0.0101,3.8378
20/07/2023 00:00,0.1191,0.0101,3.4572
21/07/2023 00:00,0.1676,0.0103,3.5245
22/07/2023 00:00,0.1870,0.0103,3.3374
23/07/2023 00:00,0.1189,0.0103,3.4969
24/07/2023 00:00,0.0719,0.0103,3.5844
25/07/2023 00:00,0.0379,0.0102,3.6361
26/07/2023 00:00,0.0119,0.0102,3.6711
27/07/2023 00:00,0.0000,0.0102,3.7102
28/07/2023 00:00,0.0576,0.0102,3.8212
29/07/2023 00:00,0.0000,0.0102,3.9630
30/07/2023 00:00,0.0361,0.0103,4.1828
31/07/2023 00:00,0.0000,0.0100,4.2551
01/08/2023 00:00,1.1037,0.0100,3.9376
02/08/2023 00:00,0.9033,0.0103,3.6676
03/08/2023 00:00,0.4939,0.0103,3.7523
04/08/2023 00:00,0.3017,0.0102,3.9489
05/08/2023 00:00,5.4448,0.0100,4.2483
06/08/2023 00:00,1.9352,0.0102,4.2934
07/08/2023 00:00,0.9211,0.0102,4.3704
08/08/2023 00:00,0.5472,0.0101,4.5820
09/08/2023 00:00,0.3563,0.0102,4.4813
10/08/2023 00:00,4.8592,0.0102,4.4191
11/08/2023 00:00,0.1622,0.0102,4.7050
12/08/2023 00:00,0.1053,0.0102,4.6123
13/08/2023 00:00,0.0618,0.0102,4.4849
14/08/2023 00:00,0.0271,0.0101,4.3926
15/08/2023 00:00,0.0000,0.0101,4.7336
16/08/2023 00:00,0.0000,0.0102,4.5803
17/08/2023 00:00,0.0000,0.0101,4.6138
18/08/2023 00:00,4.2190,0.0102,4.6639
19/08/2023 00:00,0.5548,0.0102,4.6335
20/08/2023 00:00,0.2933,0.0102,4.7674
21/08/2023 00:00,0.1422,0.0102,4.8546
22/08/2023 00:00,0.2823,0.0102,5.0287
23/08/2023 00:00,0.0770,0.0101,5.1895
24/08/2023 00:00,0.0438,0.0102,5.0525
25/08/2023 00:00,0.0000,0.0100,5.3666
26/08/2023 00:00,0.0000,0.0102,5.4968
27/08/2023 00:00,0.0000,0.0102,5.2633
28/08/2023 00:00,0.0000,0.0101,5.4045
29/08/2023 00:00,0.0000,0.0101,5.6794
30/08/2023 00:00,0.2868,0.0101,5.8843
31/08/2023 00:00,0.0000,0.0100,6.3330
01/09/2023 00:00,0.0000,0.0100,6.0305
02/09/2023 00:00,0.0000,0.0101,6.0557
03/09/2023 00:00,0.0000,0.0101,6.1117
04/09/2023 00:00,0.0000,0.0101,6.2612
05/09/2023 00:00,0.0000,0.0101,6.3095
06/09/2023 00:00,0.0000,0.0101,6.4581
07/09/2023 00:00,0.0000,0.0101,6.2068
08/09/2023 00:00,4.4326,0.0100,6.6223
09/09/2023 00:00,0.0000,0.0101,6.5022
10/09/2023 00:00,0.0000,0.0100,6.0892
11/09/2023 00:00,0.0000,0.0101,6.2673
12/09/2023 00:00,0.0000,0.0101,6.2044
13/09/2023 00:00,0.0000,0.0101,6.4635
14/09/2023 00:00,0.0000,0.0100,7.0125
15/09/2023 00:00,0.0000,0.0100,7.3295
16/09/2023 00:00,0.0000,0.0101,7.3788
17/09/2023 00:00,0.4368,0.0100,7.8662
18/09/2023 00:00,0.0000,0.0101,7.2551
19/09/2023 00:00,0.0000,0.0101,7.5190
20/09/2023 00:00,3.5699, NaN, NaN
21/09/2023 00:00,0.0000, NaN, NaN
22/09/2023 00:00,0.0000, NaN, NaN
23/09/2023 00:00,0.0000, NaN, NaN
24/09/2023 00:00,0.0000, NaN, NaN
25/09/2023 00:00,0.0000, NaN, NaN
26/09/2023 00:00,0.0000, NaN, NaN
27/09/2023 00:00,0.0000, NaN, NaN
28/09/2023 00:00,0.0000, NaN, NaN
29/09/2023 00:00,0.0000, NaN, NaN
30/09/2023 00:00,0.0000, NaN, NaN
01/10/2023 00:00,0.0000, NaN, NaN
02/10/2023 00:00,0.0000, NaN, NaN
03/10/2023 00:00,0.0000, NaN, NaN
04/10/2023 00:00,0.0000, NaN, NaN
05/10/2023 00:00,0.0000, NaN, NaN
06/10/2023 00:00,0.0000, NaN, NaN
07/10/2023 00:00,0.0000, NaN, NaN
08/10/2023 00:00,0.0000, NaN, NaN
09/10/2023 00:00,0.0000, NaN, NaN
10/10/2023 00:00,0.0000, NaN, NaN
11/10/2023 00:00,0.0000, NaN, NaN
12/10/2023 00:00,0.0000, NaN, NaN
13/10/2023 00:00,0.0000, NaN, NaN
14/10/2023 00:00,0.0000, NaN, NaN
15/10/2023 00:00,0.0000, NaN, NaN
16/10/2023 00:00,0.0000, NaN, NaN
17/10/2023 00:00,0.0000, NaN, NaN
18/10/2023 00:00,0.0000, NaN, NaN
19/10/2023 00:00,0.0000, NaN, NaN
20/10/2023 00:00,0.0000, NaN, NaN
21/10/2023 00:00,0.0000, NaN, NaN
22/10/2023 00:00,0.0000, NaN, NaN
23/10/2023 00:00,0.6658, NaN, NaN
24/10/2023 00:00,0.0000, NaN, NaN
25/10/2023 00:00,0.0000, NaN, NaN
26/10/2023 00:00,0.0000, NaN, NaN
27/10/2023 00:00,0.0000, NaN, NaN
28/10/2023 00:00,0.0000, NaN, NaN
29/10/2023 00:00,0.0000, NaN, NaN
30/10/2023 00:00,0.0000, NaN, NaN
31/10/2023 00:00,0.0000, NaN, NaN
01/11/2023 00:00,0.0000, NaN, NaN
02/11/2023 00:00,0.0000, NaN, NaN
03/11/2023 00:00,0.0000, NaN, NaN
04/11/2023 00:00,0.0000, NaN, NaN
05/11/2023 00:00,0.0000, NaN, NaN
06/11/2023 00:00,0.0000, NaN, NaN
07/11/2023 00:00,0.0000, NaN, NaN
08/11/2023 00:00,0.0000, NaN, NaN
09/11/2023 00:00,0.0000, NaN, NaN
10/11/2023 00:00,0.0000, NaN, NaN
11/11/2023 00:00,0.0000, NaN, NaN
12/11/2023 00:00,0.0000, NaN, NaN
13/11/2023 00:00,0.0000, NaN, NaN
14/11/2023 00:00,0.0000, NaN, NaN
15/11/2023 00:00,0.0000, NaN, NaN
16/11/2023 00:00,0.0000, NaN, NaN
17/11/2023 00:00,0.0000, NaN, NaN
18/11/2023 00:00,0.0000, NaN, NaN
19/11/2023 00:00,0.0000, NaN, NaN
20/11/2023 00:00,0.0000, NaN, NaN
21/11/2023 00:00,0.0000, NaN, NaN
22/11/2023 00:00,0.0000, NaN, NaN
23/11/2023 00:00,0.0000, NaN, NaN
24/11/2023 00:00,0.0000,0.0100,15.9704
25/11/2023 00:00,0.0000,0.0100,16.5400
26/11/2023 00:00,0.0000,0.0100,16.0668
27/11/2023 00:00,0.0000,0.0100,15.2905
28/11/2023 00:00,0.0000,0.0100,14.6854
29/11/2023 00:00,0.0000,0.0100,14.1772
30/11/2023 00:00,0.0000,0.0100,14.3487
01/12/2023 00:00,0.0000,0.0100,14.0347
02/12/2023 00:00,0.0000,0.0100,14.5814
03/12/2023 00:00,0.1413,0.0100,14.2789
04/12/2023 00:00,0.0000,0.0100,15.1788
05/12/2023 00:00,0.0000,0.0101,14.4038
06/12/2023 00:00,0.0000,0.0101,14.7967
07/12/2023 00:00,0.0000,0.0101,15.8307
08/12/2023 00:00,0.0000,0.0101,15.8138
09/12/2023 00:00,0.1879,0.0101,15.7655
10/12/2023 00:00,0.0000,0.0101,15.0011
11/12/2023 00:00,0.0000,0.0101,16.0383
12/12/2023 00:00,0.0000,0.0101,16.3776
13/12/2023 00:00,0.0000,0.0115,18.1739
14/12/2023 00:00,0.3491,0.0115,16.5276
15/12/2023 00:00,0.0000,0.0115,16.2848
16/12/2023 00:00,0.0000,0.0115,16.1168
17/12/2023 00:00,0.0000,0.0116,15.2521
18/12/2023 00:00,0.0000,0.0115,16.3730
19/12/2023 00:00,1.3337,0.0115,15.6454
20/12/2023 00:00,0.0000,0.0116,15.3920
21/12/2023 00:00,0.0000,0.0115,14.9724
22/12/2023 00:00,0.0000,0.0115,14.8750
23/12/2023 00:00,0.0000,0.0115,14.9460
24/12/2023 00:00,0.0000,0.0116,15.0376
25/12/2023 00:00,1.8288,0.0116,15.3090
26/12/2023 00:00,0.0000,0.0116,15.9644
27/12/2023 00:00,0.0000,0.0116,17.0292
28/12/2023 00:00,0.0000,0.0116,16.1551
29/12/2023 00:00,0.0000,0.0116,16.4807
30/12/2023 00:00,0.0000,0.0116,16.1590
31/12/2023 00:00,0.0000,0.0116,15.3045
01/01/2024 00:00,0.0000,0.0116,16.4387
02/01/2024 00:00,0.0000,0.0117,16.1841
03/01/2024 00:00,0.0000,0.0116,16.8231
04/01/2024 00:00,0.9291,0.0115,17.2837
05/01/2024 00:00,0.0000,0.0116,17.0660
06/01/2024 00:00,0.0000,0.0116,17.9733
07/01/2024 00:00,0.0000,0.0116,18.4164
08/01/2024 00:00,17.6186,0.0116,17.5391
09/01/2024 00:00,0.0000,0.0116,17.2359
10/01/2024 00:00,0.0000,0.0116,18.0965
11/01/2024 00:00,0.0000,0.0117,17.6226
12/01/2024 00:00,0.0000,0.0117,18.9256
13/01/2024 00:00,0.0000,0.0117,19.6548
14/01/2024 00:00,0.0000,0.0117,18.5131
15/01/2024 00:00,0.0000,0.0117,17.9876
16/01/2024 00:00,0.0000,0.0117,18.6536
17/01/2024 00:00,0.0000,0.0117,18.0087
18/01/2024 00:00,0.1860,0.0117,17.4323
19/01/2024 00:00,0.0489,0.0117,16.0405
20/01/2024 00:00,0.0000,0.0117,16.2173
21/01/2024 00:00,0.0000,0.0118,16.2430
22/01/2024 00:00,0.0000,0.0118,15.8589
23/01/2024 00:00,0.0000,0.0118,15.5690
24/01/2024 00:00,0.0000,0.0118,15.2323
25/01/2024 00:00,0.0000,0.0118,15.9902
26/01/2024 00:00,0.0000,0.0118,16.3382
27/01/2024 00:00,0.0000,0.0119,15.3901
28/01/2024 00:00,0.0000,0.0119,14.8072
29/01/2024 00:00,0.0000,0.0119,14.9045
30/01/2024 00:00,0.0000,0.0119,15.6228
31/01/2024 00:00,0.0000,0.0119,16.1156
01/02/2024 00:00,0.0000,0.0119,16.4246
02/02/2024 00:00,0.0000,0.0120,14.9440
03/02/2024 00:00,0.0000,0.0119,14.2780
04/02/2024 00:00,0.0000,0.0119,14.8810
05/02/2024 00:00,0.1815,0.0119,15.3166
06/02/2024 00:00,0.0000,0.0119,15.4672
07/02/2024 00:00,0.0000,0.0120,15.5578
08/02/2024 00:00,0.0000,0.0120,15.9393
09/02/2024 00:00,0.0000,0.0120,16.4749
10/02/2024 00:00,0.0000,0.0120,16.3303
11/02/2024 00:00,0.0000,0.0120,16.3882
12/02/2024 00:00,0.0000,0.0120,16.5328
13/02/2024 00:00,0.0000,0.0120,17.3205
14/02/2024 00:00,0.0000,0.0121,16.8818
15/02/2024 00:00,0.0000,0.0121,16.1581
16/02/2024 00:00,0.0000,0.0121,16.1814
17/02/2024 00:00,0.0000,0.0121,17.4891
18/02/2024 00:00,0.0000,0.0121,16.9035
19/02/2024 00:00,0.0000,0.0121,17.1670
20/02/2024 00:00,0.0000,0.0121,17.1274
21/02/2024 00:00,0.0264,0.0121,17.0868
22/02/2024 00:00,0.0000,0.0121,17.3090
23/02/2024 00:00,0.0000,0.0121,17.3346
24/02/2024 00:00,0.0000,0.0121,16.1371
25/02/2024 00:00,0.0000,0.0122,16.5892
26/02/2024 00:00,0.0000,0.0122,15.6212
27/02/2024 00:00,0.0000,0.0122,15.6138
28/02/2024 00:00,0.0000,0.0122,15.8837
29/02/2024 00:00,0.0000,0.0122,15.8288
01/03/2024 00:00,0.0000,0.0122,15.8932
02/03/2024 00:00,0.0000,0.0122,15.6035
03/03/2024 00:00,0.0000,0.0123,14.8763
04/03/2024 00:00,0.0000,0.0122,13.5975
05/03/2024 00:00,0.0000,0.0123,13.5587
06/03/2024 00:00,0.0000,0.0123,13.8383
07/03/2024 00:00,0.0000,0.0123,14.2193
08/03/2024 00:00,0.0000,0.0123,14.5015
09/03/2024 00:00,0.0000,0.0123,15.0159
10/03/2024 00:00,0.0000,0.0123,14.8797
11/03/2024 00:00,0.0000,0.0123,15.3851
12/03/2024 00:00,0.0000,0.0123,15.6673
13/03/2024 00:00,0.0000,0.0123,15.8274
14/03/2024 00:00,0.0000,0.0123,16.0232
15/03/2024 00:00,0.0000,0.0124,15.7538
16/03/2024 00:00,0.0000,0.0124,15.7818
17/03/2024 00:00,0.0000,0.0124,15.6925
18/03/2024 00:00,0.0000,0.0124,15.4926
19/03/2024 00:00,4.9112,0.0124,15.4835
20/03/2024 00:00,3.3578,0.0123,15.4427
21/03/2024 00:00,0.0464,0.0123,14.0712
22/03/2024 00:00,0.0000,0.0124,14.2695
23/03/2024 00:00,0.0000,0.0124,14.1720
24/03/2024 00:00,0.0000,0.0124,14.0729
25/03/2024 00:00,0.0000,0.0125,13.4625
26/03/2024 00:00,0.0000,0.0125,12.8610
27/03/2024 00:00,0.0000,0.0125,12.7584
28/03/2024 00:00,0.0000,0.0124,12.9581
29/03/2024 00:00,0.0000,0.0124,13.5898
30/03/2024 00:00,0.0000,0.0124,14.0675
31/03/2024 00:00,0.0000,0.0125,14.8029
01/04/2024 00:00,0.0000,0.0124,13.8868
